session_id,participant_id,status,started_datetime,completed_date_time,time_taken,age,num_approvals,num_rejections,prolific_score,reviewed_at_datetime,entered_code,Bilingual,Country of Birth,Current Country of Residence,Current U.S state of birth,Current U.S state of residence,Employment Status,English speaking Monolingual,Ethnicity,Ethnicity (Simplified),First language,First Language,Fluent languages,Hearing difficulties,Language related disorders,Literacy Difficulties,Mono/multi cultural,Nationality,Sex,Student Status,Were you raised monolingual?
605b79b8cf758580be881f9f,5b50881a59119400018abaf3,APPROVED,2021-03-24 17:41:16.070000,2021-03-24 17:51:37.551000,621.481,39,1012,0,100,2021-03-27 13:21:47.956000,3900423D,none just my native langauge,United States,United States,Connecticut (CT),New Jersey (NJ),Full-Time,I only know English,Caucasian,White,,English,English,No,none,No,I identify myself as a monocultural individual,United States,Female,No,I was raised with my native language only
605b7e63be260096149ec024,5c5fc78e96dff400013607a5,APPROVED,2021-03-24 18:01:10.320000,2021-03-24 18:25:05.029000,1434.709,37,847,1,100,2021-03-27 13:22:27.356000,3900423D,none just my native langauge,United States,United States,Maryland (MD),Maryland (MD),Full-Time,I only know English,White/Caucasian,White,English,English,English,No,none,No,I identify myself as a monocultural individual,United States,Male,No,I was raised with my native language only
605b80b8a0bee85eca1e106d,600f3bb4c3125f0d2a2f0d36,APPROVED,2021-03-24 18:11:08.460000,2021-03-24 18:25:22.964000,854.504,35,137,1,100,2021-03-27 13:22:58.796000,3900423D,none just my native langauge,United States,United States,Maryland (MD),Maryland (MD),Unemployed (and job seeking),I only know English,White/Caucasian,White,English,DATA EXPIRED,English,No,none,No,I identify myself as a monocultural individual,United States,Female,No,I was raised with my native language only
605b84f837b4b2a5a4e42ad7,5dd1ab5dd3ac2a21600f87b8,APPROVED,2021-03-24 18:29:20.945000,2021-03-24 18:40:05.792000,644.847,33,942,7,99,2021-03-27 13:23:23.036000,3900423D,none just my native langauge,United States,United States,Michigan (MI),Michigan (MI),Full-Time,I only know English,White/Caucasian,White,English,English,English,No,none,No,I identify myself as a monocultural individual,United States,Male,No,I was raised with my native language only
605b85037ca1c3f69299812f,601e15660cc54b258b587d3d,APPROVED,2021-03-24 18:29:23.188000,2021-03-24 19:21:44.502000,3141.314,22,119,3,98,2021-03-27 13:23:48.645000,3900423D,none just my native langauge,United States,United States,Massachusetts (MA),Massachusetts (MA),Full-Time,I only know English,White/Caucasian,White,English,,English,No,none,No,I identify myself as a monocultural individual,United States,Female,No,I was raised with my native language only
605b85cf2ec12c6d410b600b,5f49286a48bd2a43821fab14,APPROVED,2021-03-24 18:32:51.451000,2021-03-24 18:46:21.427000,809.976,37,502,0,100,2021-03-27 13:24:29.346000,3900423D,none just my native langauge,United States,United States,Ohio (OH),Ohio (OH),Full-Time,I only know English,White/Caucasian,White,English,DATA EXPIRED,English,No,none,No,I identify myself as a monocultural individual,United States,Male,No,I was raised with my native language only
605b86b904ba874e7f1ac081,5f80bc44efa2c013099af460,APPROVED,2021-03-24 18:36:45.132000,2021-03-24 18:47:58.808000,673.676,31,440,0,100,2021-03-27 13:25:02.991000,3900423D,none just my native langauge,United States,United States,Wisconsin (WI),Wisconsin (WI),Full-Time,I only know English,White/Caucasian,White,English,DATA EXPIRED,English,No,none,No,I identify myself as a monocultural individual,United States,Male,Yes,I was raised with my native language only
605b86f71276b02b92efedf0,60274b8abca008526ce6433c,APPROVED,2021-03-24 18:37:47.959000,2021-03-24 19:08:02.908000,1814.949,32,116,0,100,2021-03-27 13:25:26.881000,3900423D,none just my native langauge,United States,United States,Illinois (IL),Illinois (IL),"Not in paid work (e.g. homemaker', 'retired or disabled)",I only know English,White/Caucasian,White,English,DATA EXPIRED,English,No,none,No,I identify myself as a monocultural individual,United States,Female,No,I was raised with my native language only
605b88dd3cdc9ad62c3c1934,56e6a66af6ed900006a5867c,APPROVED,2021-03-24 18:45:49.026000,2021-03-24 19:02:10.475000,981.449,40,2425,17,99,2021-03-27 13:25:54.202000,3900423D,none just my native langauge,United States,United States,Ohio (OH),Ohio (OH),Part-Time,I only know English,White/Caucasian,White,English,English,English,No,none,No,I identify myself as a monocultural individual,United States,Male,No,I was raised with my native language only
605b88ff92d85cc4dd1c98c2,5bdab584b341a4000154256b,APPROVED,2021-03-24 18:46:23.808000,2021-03-24 18:59:32.106000,788.298,28,66,0,100,2021-03-27 13:26:16.508000,3900423D,none just my native langauge,United States,United States,Indiana (IN),Indiana (IN),Full-Time,I only know English,White/Caucasian,White,English,,English,No,none,No,I identify myself as a monocultural individual,United States,Female,No,I was raised with my native language only
605b89131fb3c974a15e2623,5f2f03deec679e2cf4a992e6,APPROVED,2021-03-24 18:47:21.726000,2021-03-24 19:02:29.885000,908.159,32,550,0,100,2021-03-27 13:46:37.761000,3900423D,none just my native langauge,United States,United States,Ohio (OH),Ohio (OH),Full-Time,I only know English,White/Caucasian,White,English,DATA EXPIRED,English,No,none,No,I identify myself as a monocultural individual,United States,Male,No,I was raised with my native language only
605b8b374373dab85aaf3288,5fefd5b2173bfbe890bc98ed,RETURNED,2021-03-24 18:55:51.911000,,440563.032278,22,222,0,100,,,CONSENT REVOKED,CONSENT REVOKED,CONSENT REVOKED,CONSENT REVOKED,CONSENT REVOKED,CONSENT REVOKED,CONSENT REVOKED,CONSENT REVOKED,CONSENT REVOKED,CONSENT REVOKED,CONSENT REVOKED,CONSENT REVOKED,CONSENT REVOKED,CONSENT REVOKED,CONSENT REVOKED,CONSENT REVOKED,CONSENT REVOKED,CONSENT REVOKED,CONSENT REVOKED,CONSENT REVOKED
605b8bbcf1a6db8301da582f,5f90744a10d3371291f6c0b2,APPROVED,2021-03-24 18:58:07.157000,2021-03-24 19:21:37.712000,1410.555,19,190,3,98,2021-03-27 13:47:28.132000,3900423D,none just my native langauge,United States,United States,Indiana (IN),Massachusetts (MA),Unemployed (and job seeking),I only know English,White/Caucasian,White,English,DATA EXPIRED,English,No,none,No,I identify myself as a monocultural individual,United States,Female,Yes,I was raised with my native language only
605b8fe517911b8cf01e58b9,5ec4465c16290213a8e30fd5,APPROVED,2021-03-24 19:15:52.285000,2021-03-24 19:25:33.013000,580.728,37,567,1,100,2021-03-27 13:47:55.632000,3900423D,none just my native langauge,United States,United States,New Jersey (NJ),Massachusetts (MA),Full-Time,I only know English,White/Caucasian,White,English,English,English,No,none,No,I identify myself as a monocultural individual,United States,Female,No,I was raised with my native language only
605b92b03c7dd47b8ef6be4a,603454dbbea63e24a99aabd2,REJECTED,2021-03-24 19:27:47.506000,2021-03-24 19:35:41.760000,474.254,19,110,1,100,2021-03-27 13:50:53.245000,3900423D,none just my native langauge,United States,United States,Illinois (IL),Illinois (IL),Unemployed (and job seeking),I only know English,White/Caucasian,White,English,DATA EXPIRED,English,No,none,No,I identify myself as a monocultural individual,United States,Male,Yes,I was raised with my native language only
605b932a0bde32f0522c28f3,5f656030cd36f609db0da23e,APPROVED,2021-03-24 19:29:49.587000,2021-03-24 19:41:45.571000,715.984,22,212,0,100,2021-03-27 13:53:25.389000,3900423D,native language + one other language,United States,United States,Illinois (IL),Illinois (IL),Part-Time,I know one other language in addition to English,White/Caucasian,White,English,DATA EXPIRED,"English, Spanish",No,none,No,I identify myself as a monocultural individual,United States,Male,No,I was raised with my native language only
605b93a244c2b79f7e99281c,5f59196cdfe283117d6e909e,APPROVED,2021-03-24 19:31:49.800000,2021-03-24 19:42:22.465000,632.665,21,372,0,100,2021-03-27 13:53:52.466000,3900423D,none just my native langauge,United States,United States,Michigan (MI),Michigan (MI),Other,I only know English,White/Caucasian,White,English,DATA EXPIRED,English,No,none,No,I identify myself as a monocultural individual,United States,Female,Yes,I was raised with my native language only
605b95c6ddc40c8684b77381,5fb9689421064d7ff5f5243e,APPROVED,2021-03-24 19:41:03.257000,2021-03-24 19:55:19.861000,856.604,22,263,0,100,2021-03-27 13:16:17.142000,3900423D,none just my native langauge,United States,United States,Indiana (IN),Indiana (IN),Part-Time,I only know English,White/Caucasian,White,English,DATA EXPIRED,English,No,none,No,I identify myself as a monocultural individual,United States,Female,No,I was raised with my native language only
605b98643d3fca33f2ad43be,60498abf0459d95ae80f42ac,APPROVED,2021-03-24 19:52:12.256000,2021-03-24 20:20:24.971000,1692.715,32,49,1,99,2021-03-27 13:58:10.116000,3900423D,none just my native langauge,United States,United States,New Jersey (NJ),New York (NY),Part-Time,I only know English,White/Caucasian,White,English,,English,No,none,No,I identify myself as a monocultural individual,United States,Male,No,I was raised with my native language only
605b98f2ac6f817bf285b565,5ff364b2c9707d906a0fc44e,APPROVED,2021-03-24 19:54:31.954000,2021-03-24 20:09:43.618000,911.664,32,268,0,100,2021-03-27 13:58:35.833000,3900423D,none just my native langauge,United States,United States,New Jersey (NJ),Ohio (OH),Full-Time,I only know English,White/Caucasian,White,English,DATA EXPIRED,English,No,none,No,I identify myself as a monocultural individual,United States,Female,No,I was raised with my native language only
605b9a706d7b3e279dc0e384,5fd4335c2d643f1a0ed65cb7,APPROVED,2021-03-24 20:00:52.222000,2021-03-24 20:10:31.822000,579.6,22,242,2,99,2021-03-27 13:59:03.886000,3900423D,none just my native langauge,United States,United States,Wisconsin (WI),Wisconsin (WI),Part-Time,I only know English,White/Caucasian,White,English,DATA EXPIRED,English,No,none,No,I identify myself as a monocultural individual,United States,Male,No,I was raised with my native language only
605b9baa10e3977f70e19a3d,559b1e92fdf99b426abb6227,RETURNED,2021-03-24 20:06:02.726000,,436352.304205,41,2002,2,100,,,CONSENT REVOKED,CONSENT REVOKED,CONSENT REVOKED,CONSENT REVOKED,CONSENT REVOKED,CONSENT REVOKED,CONSENT REVOKED,CONSENT REVOKED,CONSENT REVOKED,CONSENT REVOKED,CONSENT REVOKED,CONSENT REVOKED,CONSENT REVOKED,CONSENT REVOKED,CONSENT REVOKED,CONSENT REVOKED,CONSENT REVOKED,CONSENT REVOKED,CONSENT REVOKED,CONSENT REVOKED
605b9bc1b02b16941287aa1a,5fc663e511783d0a0e619de1,APPROVED,2021-03-24 20:06:33.693000,2021-03-24 20:18:53.488000,739.795,31,250,1,100,2021-03-27 13:59:34.951000,3900423D,none just my native langauge,United States,United States,New York (NY),Massachusetts (MA),Part-Time,I only know English,White/Caucasian,White,English,DATA EXPIRED,English,No,none,No,I identify myself as a monocultural individual,United States,Male,No,I was raised with my native language only
605b9d58df0cfbc2d385d4c5,5fb93ffbd40ee27661244708,APPROVED,2021-03-24 20:15:16.096000,2021-03-24 20:29:03.065000,826.969,40,409,0,100,2021-03-27 14:02:45.434000,3900423D,none just my native langauge,United States,United States,Ohio (OH),Ohio (OH),Full-Time,I only know English,White/Caucasian,White,English,DATA EXPIRED,English,No,none,No,I identify myself as a monocultural individual,United States,Male,No,I was raised with my native language only
605b9dd15b7faaf3215255d7,5f99e3031e4f740c4a2f6cbc,APPROVED,2021-03-24 20:15:13.294000,2021-03-24 20:27:28.930000,735.636,24,338,0,100,2021-03-27 14:03:11.100000,3900423D,none just my native langauge,United States,United States,Illinois (IL),Illinois (IL),Part-Time,I only know English,White/Caucasian,White,English,DATA EXPIRED,English,No,none,No,I identify myself as a monocultural individual,United States,Female,Yes,I was raised with my native language only
605b9f13cbed91d40c61f30d,5bef64b373e44f0001092811,RETURNED,2021-03-24 20:20:40.879000,,435474.171437,28,526,1,100,,,CONSENT REVOKED,CONSENT REVOKED,CONSENT REVOKED,CONSENT REVOKED,CONSENT REVOKED,CONSENT REVOKED,CONSENT REVOKED,CONSENT REVOKED,CONSENT REVOKED,CONSENT REVOKED,CONSENT REVOKED,CONSENT REVOKED,CONSENT REVOKED,CONSENT REVOKED,CONSENT REVOKED,CONSENT REVOKED,CONSENT REVOKED,CONSENT REVOKED,CONSENT REVOKED,CONSENT REVOKED
605ba0e615b7fdea0911edb5,6026adf0704fd23a5dc0ee32,APPROVED,2021-03-24 20:28:41.054000,2021-03-24 20:43:02.824000,861.77,40,154,1,99,2021-03-27 14:03:32.850000,3900423D,none just my native langauge,United States,United States,Michigan (MI),Michigan (MI),Full-Time,I only know English,White/Caucasian,White,English,,English,No,none,No,I identify myself as a monocultural individual,United States,Male,No,I was raised with my native language only
605ba155bc20bd2183c4f64a,603401117dd0c2000a1cb8e6,APPROVED,2021-03-24 20:30:15.496000,2021-03-24 20:40:18.547000,603.051,24,100,0,100,2021-03-27 13:21:00.782000,3900423D,none just my native langauge,United States,United States,Wisconsin (WI),Wisconsin (WI),Part-Time,I only know English,White/Caucasian,White,English,DATA EXPIRED,English,No,none,No,I identify myself as a monocultural individual,United States,Female,Yes,I was raised with my native language only
605ba1e6fd35ae10ad260a20,60579ed57a769950e21bcda2,APPROVED,2021-03-24 20:33:29.508000,2021-03-24 20:48:46.067000,916.559,18,34,0,100,2021-03-27 14:04:00.785000,3900423D,none just my native langauge,United States,United States,Maryland (MD),Maryland (MD),Other,I only know English,White/Caucasian,White,English,,English,No,none,No,I identify myself as a monocultural individual,United States,Female,Yes,I was raised with my native language only
605ba22924b3164c90ebae9e,5fdf9d13a6a9ed7d8efd0b69,APPROVED,2021-03-24 20:33:49.902000,2021-03-24 20:48:51.488000,901.586,18,207,0,100,2021-03-27 14:07:08.738000,3900423D,none just my native langauge,United States,United States,Michigan (MI),Michigan (MI),Unemployed (and job seeking),I only know English,White/Caucasian,White,English,DATA EXPIRED,English,No,none,No,I identify myself as a monocultural individual,United States,Male,Yes,I was raised with my native language only
605ba31951729f72a93f909c,601087d3dfc7b63e5db5b6ac,RETURNED,2021-03-24 20:47:45.310000,,433849.776662,18,205,0,100,,,CONSENT REVOKED,CONSENT REVOKED,CONSENT REVOKED,CONSENT REVOKED,CONSENT REVOKED,CONSENT REVOKED,CONSENT REVOKED,CONSENT REVOKED,CONSENT REVOKED,CONSENT REVOKED,CONSENT REVOKED,CONSENT REVOKED,CONSENT REVOKED,CONSENT REVOKED,CONSENT REVOKED,CONSENT REVOKED,CONSENT REVOKED,CONSENT REVOKED,CONSENT REVOKED,CONSENT REVOKED
605ba43290ae1ee7ac110569,5fbc0e0164cb3207c961a1aa,RETURNED,2021-03-24 20:53:03.354000,,433531.732759,23,270,2,100,,,CONSENT REVOKED,CONSENT REVOKED,CONSENT REVOKED,CONSENT REVOKED,CONSENT REVOKED,CONSENT REVOKED,CONSENT REVOKED,CONSENT REVOKED,CONSENT REVOKED,CONSENT REVOKED,CONSENT REVOKED,CONSENT REVOKED,CONSENT REVOKED,CONSENT REVOKED,CONSENT REVOKED,CONSENT REVOKED,CONSENT REVOKED,CONSENT REVOKED,CONSENT REVOKED,CONSENT REVOKED
605ba4f17a1738f712cd112a,59dc458f77860e000151240e,APPROVED,2021-03-24 20:45:37.465000,2021-03-24 20:58:42.493000,785.028,38,2001,0,100,2021-03-27 14:07:36.255000,3900423D,none just my native langauge,United States,United States,Wisconsin (WI),Wisconsin (WI),Part-Time,I only know English,White/Caucasian,White,English,English,English,No,none,No,I identify myself as a monocultural individual,United States,Male,No,I was raised with my native language only
605ba586177bd9ba5cb4273f,5f5353ff017c5965165df065,RETURNED,2021-03-24 20:48:45.234000,,433789.861755,36,408,0,100,,,CONSENT REVOKED,CONSENT REVOKED,CONSENT REVOKED,CONSENT REVOKED,CONSENT REVOKED,CONSENT REVOKED,CONSENT REVOKED,CONSENT REVOKED,CONSENT REVOKED,CONSENT REVOKED,CONSENT REVOKED,CONSENT REVOKED,CONSENT REVOKED,CONSENT REVOKED,CONSENT REVOKED,CONSENT REVOKED,CONSENT REVOKED,CONSENT REVOKED,CONSENT REVOKED,CONSENT REVOKED
605ba5c5824c52b81dca1ce4,5f3eeb74bfbc021a779796d2,APPROVED,2021-03-24 20:49:34.573000,2021-03-24 21:12:46.700000,1392.127,33,537,1,100,2021-03-27 14:15:34.409000,3900423D,none just my native langauge,United States,United States,Michigan (MI),Michigan (MI),Full-Time,I only know English,White/Caucasian,White,English,DATA EXPIRED,English,No,none,No,I identify myself as a monocultural individual,United States,Male,No,I was raised with my native language only
605ba6b52a6861ae6e923e2a,5f7058deeb83ab60bb836eae,APPROVED,2021-03-24 20:53:09.538000,2021-03-24 21:01:22.934000,493.396,20,419,2,100,2021-03-27 14:15:51.726000,3900423D,none just my native langauge,United States,United States,Wisconsin (WI),Wisconsin (WI),Unemployed (and job seeking),I only know English,White/Caucasian,White,English,DATA EXPIRED,English,No,none,No,I identify myself as a monocultural individual,United States,Female,Yes,I was raised with my native language only
605ba708c286ac8a5a456c39,604243ad9743df09e0f72587,APPROVED,2021-03-24 20:57:13.764000,2021-03-24 21:08:08.241000,654.477,32,106,0,100,2021-03-27 14:16:22.108000,3900423D,none just my native langauge,United States,United States,Michigan (MI),Michigan (MI),Full-Time,I only know English,White/Caucasian,White,English,DATA EXPIRED,English,No,none,No,I identify myself as a monocultural individual,United States,Male,No,I was raised with my native language only
605ba7649c17decf7f505731,5c904cd394f7e600192f9eb5,RETURNED,2021-03-24 20:56:09.975000,,433345.149129,40,418,6,98,,,CONSENT REVOKED,CONSENT REVOKED,CONSENT REVOKED,CONSENT REVOKED,CONSENT REVOKED,CONSENT REVOKED,CONSENT REVOKED,CONSENT REVOKED,CONSENT REVOKED,CONSENT REVOKED,CONSENT REVOKED,CONSENT REVOKED,CONSENT REVOKED,CONSENT REVOKED,CONSENT REVOKED,CONSENT REVOKED,CONSENT REVOKED,CONSENT REVOKED,CONSENT REVOKED,CONSENT REVOKED
605ba89dc2749652874aed6d,5fbdde99e3096b24351dc1cb,RETURNED,2021-03-24 21:01:19.479000,,433035.645224,23,233,0,100,,,CONSENT REVOKED,CONSENT REVOKED,CONSENT REVOKED,CONSENT REVOKED,CONSENT REVOKED,CONSENT REVOKED,CONSENT REVOKED,CONSENT REVOKED,CONSENT REVOKED,CONSENT REVOKED,CONSENT REVOKED,CONSENT REVOKED,CONSENT REVOKED,CONSENT REVOKED,CONSENT REVOKED,CONSENT REVOKED,CONSENT REVOKED,CONSENT REVOKED,CONSENT REVOKED,CONSENT REVOKED
605ba8a810d3343fd9d718c5,5c1dc77ee2d9150001b5b70e,APPROVED,2021-03-24 21:01:39.870000,2021-03-24 21:28:34.223000,1614.353,33,920,0,100,2021-03-27 14:18:07.631000,3900423D,none just my native langauge,United States,United States,Connecticut (CT),New York (NY),Full-Time,I only know English,White/Caucasian,White,English,English,English,No,none,No,I identify myself as a monocultural individual,United States,Male,No,I was raised with my native language only
605ba91688d265c9f13498fe,5f985a6faf071810974a32f8,APPROVED,2021-03-24 21:05:45.900000,2021-03-24 21:17:51.776000,725.876,34,533,1,100,2021-03-27 14:18:42.860000,3900423D,none just my native langauge,United States,United States,Illinois (IL),Illinois (IL),Full-Time,I only know English,White/Caucasian,White,English,DATA EXPIRED,English,No,none,No,I identify myself as a monocultural individual,United States,Male,No,I was raised with my native language only
605baa3c8b9160854b9da221,605796ef0a4b32599655c385,APPROVED,2021-03-24 21:08:24.011000,2021-03-24 21:19:30.830000,666.819,22,33,0,100,2021-03-27 14:19:06.776000,3900423D,none just my native langauge,United States,United States,New Jersey (NJ),New Jersey (NJ),Unemployed (and job seeking),I only know English,White/Caucasian,White,English,,English,No,none,No,I identify myself as a monocultural individual,United States,Male,No,I was raised with my native language only
605baa7fe3e08632406f5372,5f4c4dd50a92c286c1972f06,RETURNED,2021-03-24 21:09:24.432000,,432550.723333,24,465,2,100,,,CONSENT REVOKED,CONSENT REVOKED,CONSENT REVOKED,CONSENT REVOKED,CONSENT REVOKED,CONSENT REVOKED,CONSENT REVOKED,CONSENT REVOKED,CONSENT REVOKED,CONSENT REVOKED,CONSENT REVOKED,CONSENT REVOKED,CONSENT REVOKED,CONSENT REVOKED,CONSENT REVOKED,CONSENT REVOKED,CONSENT REVOKED,CONSENT REVOKED,CONSENT REVOKED,CONSENT REVOKED
605bab2cc14bdf38d924952a,5e9b443223881d04be740737,APPROVED,2021-03-24 21:12:16.066000,2021-03-24 21:23:48.118000,692.052,28,843,0,100,2021-03-27 14:19:31.830000,3900423D,none just my native langauge,United States,United States,Michigan (MI),Michigan (MI),Full-Time,I only know English,White/Caucasian,White,English,English,English,No,none,No,I identify myself as a monocultural individual,United States,Female,No,I was raised with my native language only
605babb0ad8b7bd0baa534a7,60555b56af1bc30f5d438bd2,APPROVED,2021-03-24 21:14:29.154000,2021-03-24 21:25:37.105000,667.951,25,34,0,100,2021-03-27 14:26:54.977000,3900423D,none just my native langauge,United States,United States,Pennsylvania (PA),Pennsylvania (PA),Part-Time,I know one other language in addition to English,White/Caucasian,White,English,,English,No,none,No,I identify myself as a monocultural individual,United States,Female,No,I was raised with my native language only
605bac30cbf14d548142ef3f,5f8dbc2dbe6a9e10493e3d6e,APPROVED,2021-03-24 21:16:36.356000,2021-03-24 21:26:40.138000,603.782,31,432,0,100,2021-03-27 14:27:14.383000,3900423D,none just my native langauge,United States,United States,Massachusetts (MA),Massachusetts (MA),Full-Time,I only know English,White/Caucasian,White,English,DATA EXPIRED,English,No,none,No,I identify myself as a monocultural individual,United States,Female,No,I was raised with my native language only
605bae1f58e3027232e51895,5484fd09fdf99b38dfb9645c,RETURNED,2021-03-24 21:24:51.809000,,431623.38408,32,1454,7,100,,,CONSENT REVOKED,CONSENT REVOKED,CONSENT REVOKED,CONSENT REVOKED,CONSENT REVOKED,CONSENT REVOKED,CONSENT REVOKED,CONSENT REVOKED,CONSENT REVOKED,CONSENT REVOKED,CONSENT REVOKED,CONSENT REVOKED,CONSENT REVOKED,CONSENT REVOKED,CONSENT REVOKED,CONSENT REVOKED,CONSENT REVOKED,CONSENT REVOKED,CONSENT REVOKED,CONSENT REVOKED
605bae643dcba7c77c0085da,5f5328104f8d2d6363b0e4ee,RETURNED,2021-03-24 21:26:00.658000,,431554.535178,19,260,0,100,,,CONSENT REVOKED,CONSENT REVOKED,CONSENT REVOKED,CONSENT REVOKED,CONSENT REVOKED,CONSENT REVOKED,CONSENT REVOKED,CONSENT REVOKED,CONSENT REVOKED,CONSENT REVOKED,CONSENT REVOKED,CONSENT REVOKED,CONSENT REVOKED,CONSENT REVOKED,CONSENT REVOKED,CONSENT REVOKED,CONSENT REVOKED,CONSENT REVOKED,CONSENT REVOKED,CONSENT REVOKED
605baff8a5b0e1e30e9d6a78,588e3172bc9f190001487eb8,APPROVED,2021-03-24 21:32:47.345000,2021-03-24 21:45:47.546000,780.201,36,333,0,100,2021-03-27 14:27:34.821000,3900423D,none just my native langauge,United States,United States,Ohio (OH),Ohio (OH),Unemployed (and job seeking),I only know English,White/Caucasian,White,English,N/A,English,No,none,No,I identify myself as a monocultural individual,United States,Female,No,I was raised with my native language only
605bb1536406d1cfdf9e97ae,5fc2c0cfdb80f9025c6b4810,RETURNED,2021-03-24 21:38:27.636000,,430807.566499,30,289,0,100,,,CONSENT REVOKED,CONSENT REVOKED,CONSENT REVOKED,CONSENT REVOKED,CONSENT REVOKED,CONSENT REVOKED,CONSENT REVOKED,CONSENT REVOKED,CONSENT REVOKED,CONSENT REVOKED,CONSENT REVOKED,CONSENT REVOKED,CONSENT REVOKED,CONSENT REVOKED,CONSENT REVOKED,CONSENT REVOKED,CONSENT REVOKED,CONSENT REVOKED,CONSENT REVOKED,CONSENT REVOKED
605bb2834baa61d922c77b69,601f04fb235cb14020c7a96f,APPROVED,2021-03-24 21:43:48.858000,2021-03-24 21:58:13.983000,865.125,23,115,2,99,2021-03-27 14:27:59.363000,3900423D,none just my native langauge,United States,United States,Michigan (MI),Michigan (MI),Unemployed (and job seeking),I only know English,White/Caucasian,White,English,,English,No,none,No,I identify myself as a monocultural individual,United States,Male,No,I was raised with my native language only
605bb4a096bada1f9ca5e7a1,5ddda819ca7466d2350d77c6,APPROVED,2021-03-24 21:52:37.289000,2021-03-24 22:05:29.972000,772.683,22,59,0,100,2021-03-27 14:28:21.641000,3900423D,none just my native langauge,United States,United States,Massachusetts (MA),Massachusetts (MA),Full-Time,I only know English,White/Caucasian,White,English,English,English,No,none,No,I identify myself as a monocultural individual,United States,Male,No,I was raised with my native language only
605bb557c5820f2d6f29b02a,5f2f06e7a2eef42d5780b0ba,TIMED-OUT,2021-03-24 21:55:38.381000,,429776.842194,25,404,0,100,,,none just my native langauge,United States,United States,Ohio (OH),Ohio (OH),Full-Time,I only know English,White/Caucasian,White,English,DATA EXPIRED,English,No,none,No,I identify myself as a monocultural individual,United States,Male,No,I was raised with my native language only
605bba3791f1aecda37ad440,603d7e18a0efddc55c2c2b11,RETURNED,2021-03-24 22:16:26.378000,,428528.854056,23,81,0,100,,,CONSENT REVOKED,CONSENT REVOKED,CONSENT REVOKED,CONSENT REVOKED,CONSENT REVOKED,CONSENT REVOKED,CONSENT REVOKED,CONSENT REVOKED,CONSENT REVOKED,CONSENT REVOKED,CONSENT REVOKED,CONSENT REVOKED,CONSENT REVOKED,CONSENT REVOKED,CONSENT REVOKED,CONSENT REVOKED,CONSENT REVOKED,CONSENT REVOKED,CONSENT REVOKED,CONSENT REVOKED
605bbcb088db0fa017c3cfdf,5fb87ecac3b7885df134405a,APPROVED,2021-03-24 22:26:58.545000,2021-03-24 22:36:28.656000,570.111,24,275,1,100,2021-03-27 14:28:41.886000,3900423D,none just my native langauge,United States,United States,Indiana (IN),Indiana (IN),Other,I only know English,White/Caucasian,White,English,DATA EXPIRED,English,No,none,No,I identify myself as a monocultural individual,United States,Male,Yes,I was raised with my native language only
605bbd118033750d59651da8,602ddc1fe527c38b859a057b,RETURNED,2021-03-24 22:28:36.535000,,427798.706206,35,151,1,100,,,CONSENT REVOKED,CONSENT REVOKED,CONSENT REVOKED,CONSENT REVOKED,CONSENT REVOKED,CONSENT REVOKED,CONSENT REVOKED,CONSENT REVOKED,CONSENT REVOKED,CONSENT REVOKED,CONSENT REVOKED,CONSENT REVOKED,CONSENT REVOKED,CONSENT REVOKED,CONSENT REVOKED,CONSENT REVOKED,CONSENT REVOKED,CONSENT REVOKED,CONSENT REVOKED,CONSENT REVOKED
605bbe28a596ae98279c6104,6026c830b47a133f57789c0f,RETURNED,2021-03-24 22:33:15.200000,,427520.04133,20,174,1,100,,,CONSENT REVOKED,CONSENT REVOKED,CONSENT REVOKED,CONSENT REVOKED,CONSENT REVOKED,CONSENT REVOKED,CONSENT REVOKED,CONSENT REVOKED,CONSENT REVOKED,CONSENT REVOKED,CONSENT REVOKED,CONSENT REVOKED,CONSENT REVOKED,CONSENT REVOKED,CONSENT REVOKED,CONSENT REVOKED,CONSENT REVOKED,CONSENT REVOKED,CONSENT REVOKED,CONSENT REVOKED
605bc2319a6e369a96541e9e,5c049e9bad9a9700011b877b,APPROVED,2021-03-24 22:50:32.126000,2021-03-24 23:02:29.368000,717.242,25,1049,8,99,2021-03-27 14:29:02.439000,3900423D,native language + one other language,United States,United States,Michigan (MI),Michigan (MI),Full-Time,I know one other language in addition to English,White/Caucasian,White,English,English,"Spanish, English",No,none,No,I identify myself as a monocultural individual,United States,Female,No,I was raised with my native language only
605bc2a98fcb0fd42c222b36,5febbf353cc53cce4cec36e3,APPROVED,2021-03-24 22:52:29.041000,2021-03-24 23:08:06.968000,937.927,31,253,0,100,2021-03-27 14:29:26.735000,3900423D,none just my native langauge,United States,United States,Wisconsin (WI),Wisconsin (WI),Full-Time,I only know English,White/Caucasian,White,English,DATA EXPIRED,English,No,none,No,I identify myself as a monocultural individual,United States,Male,No,I was raised with my native language only
605bc961ce83169f0001afa7,60307e9acd3854f1656ac658,APPROVED,2021-03-24 23:21:08.143000,2021-03-24 23:32:05.443000,657.3,27,107,0,100,2021-03-27 14:32:27.231000,3900423D,none just my native langauge,United States,,Wisconsin (WI),New York (NY),Due to start a new job within the next month,I only know English,White/Caucasian,White,English,,English,No,none,No,I identify myself as a monocultural individual,United States,Female,No,I was raised with my native language only
605bc9edf1ff139f4f0c1458,60480a1f6a283e139e6757b6,APPROVED,2021-03-24 23:23:25.727000,2021-03-24 23:33:55.633000,629.906,27,82,0,100,2021-03-27 14:32:43.200000,3900423D,none just my native langauge,United States,United States,Massachusetts (MA),Massachusetts (MA),Full-Time,I only know English,White/Caucasian,White,English,,English,No,none,No,I identify myself as a monocultural individual,United States,Female,No,I was raised with my native language only
605bcb36312a13151acf8762,5e307b72ef67c706b15f4453,APPROVED,2021-03-24 23:28:56.100000,2021-03-24 23:41:12.363000,736.263,30,308,1,100,2021-03-27 14:33:06.789000,3900423D,none just my native langauge,United States,United States,Ohio (OH),Ohio (OH),Full-Time,I only know English,White/Caucasian,White,English,English,English,No,none,No,I identify myself as a monocultural individual,United States,Male,No,I was raised with my native language only
605bce82859b0438ef6410da,604cc9e300e08e7db2983a03,RETURNED,2021-03-24 23:43:01.881000,,423333.405174,33,49,1,99,,,CONSENT REVOKED,CONSENT REVOKED,CONSENT REVOKED,CONSENT REVOKED,CONSENT REVOKED,CONSENT REVOKED,CONSENT REVOKED,CONSENT REVOKED,CONSENT REVOKED,CONSENT REVOKED,CONSENT REVOKED,CONSENT REVOKED,CONSENT REVOKED,CONSENT REVOKED,CONSENT REVOKED,CONSENT REVOKED,CONSENT REVOKED,CONSENT REVOKED,CONSENT REVOKED,CONSENT REVOKED
605bd47045d8383e6117c96f,5f060fa4cf10ff12c4e42b9d,RETURNED,2021-03-25 00:08:15.918000,,421819.36829,27,439,0,100,,,CONSENT REVOKED,CONSENT REVOKED,CONSENT REVOKED,CONSENT REVOKED,CONSENT REVOKED,CONSENT REVOKED,CONSENT REVOKED,CONSENT REVOKED,CONSENT REVOKED,CONSENT REVOKED,CONSENT REVOKED,CONSENT REVOKED,CONSENT REVOKED,CONSENT REVOKED,CONSENT REVOKED,CONSENT REVOKED,CONSENT REVOKED,CONSENT REVOKED,CONSENT REVOKED,CONSENT REVOKED
605bd8172e9e8df228163db0,600be42e32909325b20ab5f0,APPROVED,2021-03-25 00:24:11.723000,2021-03-25 00:33:44.827000,573.104,22,152,1,100,2021-03-27 14:33:24.441000,3900423D,none just my native langauge,United States,United States,Michigan (MI),Michigan (MI),Unemployed (and job seeking),I only know English,White/Caucasian,White,English,DATA EXPIRED,English,No,none,No,I identify myself as a monocultural individual,United States,Male,No,I was raised with my native language only
605bdcc199c6644d87a84ef6,5cfea2427b91e70001423ffb,RETURNED,2021-03-25 00:44:32.258000,,419643.037571,32,1149,0,100,,,CONSENT REVOKED,CONSENT REVOKED,CONSENT REVOKED,CONSENT REVOKED,CONSENT REVOKED,CONSENT REVOKED,CONSENT REVOKED,CONSENT REVOKED,CONSENT REVOKED,CONSENT REVOKED,CONSENT REVOKED,CONSENT REVOKED,CONSENT REVOKED,CONSENT REVOKED,CONSENT REVOKED,CONSENT REVOKED,CONSENT REVOKED,CONSENT REVOKED,CONSENT REVOKED,CONSENT REVOKED
605be06a18a69811f8009ea1,5ec8ad205fa667395e141ce9,APPROVED,2021-03-25 00:59:32.152000,2021-03-25 01:11:17.192000,705.04,25,95,1,100,2021-03-27 14:33:46.664000,3900423D,none just my native langauge,United States,United States,Michigan (MI),Michigan (MI),Full-Time,I only know English,White/Caucasian,White,English,English,English,No,none,No,I identify myself as a monocultural individual,United States,Male,No,I was raised with my native language only
605be137a886b49d3287d474,5f2cd45cd689ae1ec67c848c,APPROVED,2021-03-25 01:02:50.986000,2021-03-25 01:12:13.603000,562.617,26,204,1,100,2021-03-27 14:35:08.370000,3900423D,none just my native langauge,United States,United States,Ohio (OH),Ohio (OH),Part-Time,I only know English,White/Caucasian,White,English,English,English,No,none,No,I identify myself as a monocultural individual,United States,Male,Yes,I was raised with my native language only
605be47b699d24b4bffbaaf1,5f7cdbfddd75001800fa84b9,APPROVED,2021-03-25 01:16:47.752000,2021-03-25 01:30:21.850000,814.098,23,164,1,100,2021-03-27 14:35:25.072000,3900423D,none just my native langauge,United States,United States,Ohio (OH),Ohio (OH),Part-Time,I only know English,White/Caucasian,White,English,DATA EXPIRED,English,No,none,No,I identify myself as a monocultural individual,United States,Male,No,I was raised with my native language only
605be6ef4a11ffaba3d7c3e5,5f865e9ac5be471b63865294,APPROVED,2021-03-25 01:27:44.922000,2021-03-25 01:47:17.872000,1172.95,33,247,1,100,2021-03-27 14:35:50.477000,3900423D,none just my native langauge,United States,United States,Maryland (MD),Maryland (MD),Full-Time,I only know English,White/Caucasian,White,English,DATA EXPIRED,English,No,none,No,I identify myself as a monocultural individual,United States,Female,No,I was raised with my native language only
605be8341361732587281771,5e7cf03fea45cb369b402703,RETURNED,2021-03-25 01:32:49.254000,,416746.078483,28,195,0,100,,,CONSENT REVOKED,CONSENT REVOKED,CONSENT REVOKED,CONSENT REVOKED,CONSENT REVOKED,CONSENT REVOKED,CONSENT REVOKED,CONSENT REVOKED,CONSENT REVOKED,CONSENT REVOKED,CONSENT REVOKED,CONSENT REVOKED,CONSENT REVOKED,CONSENT REVOKED,CONSENT REVOKED,CONSENT REVOKED,CONSENT REVOKED,CONSENT REVOKED,CONSENT REVOKED,CONSENT REVOKED
605beb422cf16ccc86878130,5fff542aeed8c2065133114e,RETURNED,2021-03-25 01:45:41.068000,,415974.264579,24,274,1,100,,,CONSENT REVOKED,CONSENT REVOKED,CONSENT REVOKED,CONSENT REVOKED,CONSENT REVOKED,CONSENT REVOKED,CONSENT REVOKED,CONSENT REVOKED,CONSENT REVOKED,CONSENT REVOKED,CONSENT REVOKED,CONSENT REVOKED,CONSENT REVOKED,CONSENT REVOKED,CONSENT REVOKED,CONSENT REVOKED,CONSENT REVOKED,CONSENT REVOKED,CONSENT REVOKED,CONSENT REVOKED
605bee83612bdce91a37d30d,6021f6c1f883e82b11739f31,APPROVED,2021-03-25 01:59:40.498000,2021-03-25 02:20:03.253000,1222.755,18,108,1,100,2021-03-27 13:18:51.037000,3900423D,none just my native langauge,United States,United States,Ohio (OH),Ohio (OH),,I only know English,White/Caucasian,White,English,,English,No,none,No,I identify myself as a monocultural individual,United States,Female,Yes,I was raised with my native language only
605bf23879bb483c4bd7cb8e,5e9a84af150a8012575e4784,APPROVED,2021-03-25 02:15:23.123000,2021-03-25 02:27:47.231000,744.108,39,731,2,100,2021-03-27 14:34:27.409000,3900423D,none just my native langauge,United States,United States,Maryland (MD),Wisconsin (WI),Full-Time,I only know English,White/Caucasian,White,English,English,English,No,none,No,I identify myself as a monocultural individual,United States,Female,No,I was raised with my native language only
605bf70604010192b05e686f,60441fcec87598475f6a829f,APPROVED,2021-03-25 02:35:56.337000,2021-03-25 02:49:51.509000,835.172,29,75,0,100,2021-03-27 14:39:27.131000,3900423D,none just my native langauge,United States,United States,Michigan (MI),Michigan (MI),Full-Time,I only know English,White/Caucasian,White,English,,English,No,none,No,I identify myself as a monocultural individual,United States,Female,No,I was raised with my native language only
605bf7ff802873fefbbf24fd,5eb3623f751686152660a84b,APPROVED,2021-03-25 02:40:01.835000,2021-03-25 02:58:25.654000,1103.819,27,383,0,100,2021-03-27 14:39:42.293000,3900423D,none just my native langauge,United States,United States,Pennsylvania (PA),Pennsylvania (PA),Unemployed (and job seeking),I only know English,White/Caucasian,White,English,English,English,No,none,No,I identify myself as a monocultural individual,United States,Male,Yes,I was raised with my native language only
605bf9208ab8c472559f1543,5fb41bf3f84c7006ac8e30f2,APPROVED,2021-03-25 02:45:38.276000,2021-03-25 03:03:28.876000,1070.6,30,289,0,100,2021-03-27 14:40:02.606000,3900423D,none just my native langauge,United States,United States,Ohio (OH),Ohio (OH),Full-Time,I only know English,White/Caucasian,White,English,DATA EXPIRED,English,No,none,No,I identify myself as a monocultural individual,United States,Female,No,I was raised with my native language only
605bf96399c8aa1556af909d,605910bdcee62314abcb6e1a,RETURNED,2021-03-25 02:46:00.559000,,412354.81832,36,14,0,100,,,CONSENT REVOKED,CONSENT REVOKED,CONSENT REVOKED,CONSENT REVOKED,CONSENT REVOKED,CONSENT REVOKED,CONSENT REVOKED,CONSENT REVOKED,CONSENT REVOKED,CONSENT REVOKED,CONSENT REVOKED,CONSENT REVOKED,CONSENT REVOKED,CONSENT REVOKED,CONSENT REVOKED,CONSENT REVOKED,CONSENT REVOKED,CONSENT REVOKED,CONSENT REVOKED,CONSENT REVOKED
605cb98c721a4d5d04206d41,5c70eafaf6c9fe00013eeafb,APPROVED,2021-03-25 16:25:51.126000,2021-03-25 16:42:41.300000,1010.174,27,419,4,99,2021-03-27 14:40:17.130000,3900423D,none just my native langauge,United States,United States,Ohio (OH),Ohio (OH),"Not in paid work (e.g. homemaker', 'retired or disabled)",I only know English,White/Caucasian,White,English,English,English,No,not applicable,No,I identify myself as a monocultural individual,United States,Female,No,I was raised with my native language only
605cc1aed76537eb8d4d4e99,5e065c9fe78021031a4b1d59,RETURNED,2021-03-25 17:00:30.015000,,361085.371314,25,870,1,100,,,CONSENT REVOKED,CONSENT REVOKED,CONSENT REVOKED,CONSENT REVOKED,CONSENT REVOKED,CONSENT REVOKED,CONSENT REVOKED,CONSENT REVOKED,CONSENT REVOKED,CONSENT REVOKED,CONSENT REVOKED,CONSENT REVOKED,CONSENT REVOKED,CONSENT REVOKED,CONSENT REVOKED,CONSENT REVOKED,CONSENT REVOKED,CONSENT REVOKED,CONSENT REVOKED,CONSENT REVOKED
605cc41669c8f13d7e3ca78b,60105552a0d121342846b31a,APPROVED,2021-03-25 17:11:01.110000,2021-03-25 17:19:44.727000,523.617,21,172,2,99,2021-03-27 14:40:39.160000,3900423D,none just my native langauge,United States,United States,New York (NY),Ohio (OH),Other,I only know English,White/Caucasian,White,English,DATA EXPIRED,English,No,none,No,I identify myself as a monocultural individual,United States,Female,Yes,I was raised with my native language only
605cc4e74381a85ee45dc58e,6041a2482c6bef1ae8fdd51e,APPROVED,2021-03-25 17:14:17.743000,2021-03-25 17:25:52.907000,695.164,22,96,0,100,2021-03-27 14:40:56.535000,3900423D,none just my native langauge,United States,United States,Ohio (OH),Ohio (OH),Part-Time,I only know English,White/Caucasian,White,English,,English,No,none,No,I identify myself as a monocultural individual,United States,Female,Yes,I was raised with my native language only
605cc7c7b9c894dd01ce350c,5ffbfcd4f4b30111186e2037,RETURNED,2021-03-25 17:26:37.221000,,359518.183763,31,258,3,98,,,CONSENT REVOKED,CONSENT REVOKED,CONSENT REVOKED,CONSENT REVOKED,CONSENT REVOKED,CONSENT REVOKED,CONSENT REVOKED,CONSENT REVOKED,CONSENT REVOKED,CONSENT REVOKED,CONSENT REVOKED,CONSENT REVOKED,CONSENT REVOKED,CONSENT REVOKED,CONSENT REVOKED,CONSENT REVOKED,CONSENT REVOKED,CONSENT REVOKED,CONSENT REVOKED,CONSENT REVOKED
605cca13f9ebe05bfb9080cb,5f3c25d69261f8a3728083c1,RETURNED,2021-03-25 17:36:31.781000,,358923.623853,19,188,1,100,,,CONSENT REVOKED,CONSENT REVOKED,CONSENT REVOKED,CONSENT REVOKED,CONSENT REVOKED,CONSENT REVOKED,CONSENT REVOKED,CONSENT REVOKED,CONSENT REVOKED,CONSENT REVOKED,CONSENT REVOKED,CONSENT REVOKED,CONSENT REVOKED,CONSENT REVOKED,CONSENT REVOKED,CONSENT REVOKED,CONSENT REVOKED,CONSENT REVOKED,CONSENT REVOKED,CONSENT REVOKED
605ccac1507848685cef3e51,601840b15165f20756c64e0f,APPROVED,2021-03-25 17:39:19.457000,2021-03-25 17:50:30.864000,671.407,18,179,1,100,2021-03-27 14:41:16.975000,3900423D,none just my native langauge,United States,United States,Maryland (MD),Maryland (MD),Unemployed (and job seeking),I only know English,White/Caucasian,White,English,DATA EXPIRED,English,No,none,No,I identify myself as a monocultural individual,United States,Male,Yes,I was raised with my native language only
605cce6ff978a6a2135b3a74,58a5cf959e040a0001399f07,APPROVED,2021-03-25 17:54:58.243000,2021-03-25 18:12:55.366000,1077.123,28,1628,1,100,2021-03-27 14:41:40.586000,3900423D,none just my native langauge,United States,United States,Ohio (OH),Pennsylvania (PA),Full-Time,I only know English,White/Caucasian,White,English,English,English,No,none,No,I identify myself as a monocultural individual,United States,Female,No,I was raised with my native language only
605cde4155d82ef0a24e3440,60194a171114f6020af1ae59,RETURNED,2021-03-25 19:02:29.457000,,353765.970818,30,201,2,98,,,CONSENT REVOKED,CONSENT REVOKED,CONSENT REVOKED,CONSENT REVOKED,CONSENT REVOKED,CONSENT REVOKED,CONSENT REVOKED,CONSENT REVOKED,CONSENT REVOKED,CONSENT REVOKED,CONSENT REVOKED,CONSENT REVOKED,CONSENT REVOKED,CONSENT REVOKED,CONSENT REVOKED,CONSENT REVOKED,CONSENT REVOKED,CONSENT REVOKED,CONSENT REVOKED,CONSENT REVOKED
605ce163d83f3cad2d02be9b,5f186916b4317902cdb28f39,APPROVED,2021-03-25 19:15:58.096000,2021-03-25 19:28:34.942000,756.846,23,50,0,100,2021-03-27 14:41:59.509000,3900423D,none just my native langauge,United States,United States,Massachusetts (MA),Illinois (IL),Full-Time,I only know English,White/Caucasian,White,,English,English,No,none,No,I identify myself as a monocultural individual,United States,Female,No,I was raised with my native language only
605ce44f45d015eb4c086da6,59dba8575cddae0001ff0780,APPROVED,2021-03-25 19:28:22.605000,2021-03-25 19:43:08.356000,885.751,37,1576,5,100,2021-03-27 14:42:24.132000,3900423D,native language + one other language,United States,United States,Michigan (MI),Michigan (MI),Full-Time,I know one other language in addition to English,White/Caucasian,White,English,English,"English, French",No,none,No,I identify myself as a monocultural individual,United States,Male,No,I was raised with my native language only
605ce6762df5a601c7cbfbed,5e9fcb1aa7eac5182448d5ab,APPROVED,2021-03-25 19:37:44.279000,2021-03-25 20:09:11.801000,1887.522,25,116,1,100,2021-03-27 14:42:41.935000,3900423D,none just my native langauge,United States,United States,Massachusetts (MA),Massachusetts (MA),Full-Time,I only know English,White/Caucasian,White,English,English,English,No,none,No,I identify myself as a monocultural individual,United States,Male,No,I was raised with my native language only
605cec9a119b0f1124ba49f3,600b0f7fa045ed0f806f01e2,APPROVED,2021-03-25 20:03:43.180000,2021-03-25 20:12:44.982000,541.802,29,178,0,100,2021-03-27 14:42:58.785000,3900423D,none just my native langauge,United States,United States,Massachusetts (MA),Massachusetts (MA),Unemployed (and job seeking),I only know English,White/Caucasian,White,English,,English,No,none,No,I identify myself as a monocultural individual,United States,Female,Yes,I was raised with my native language only
605cee943559b3a5be3b387c,5f14e0f456500058ee865863,APPROVED,2021-03-25 20:12:10.490000,2021-03-25 20:25:08.056000,777.566,39,456,0,100,2021-03-27 14:43:14.632000,3900423D,none just my native langauge,United States,United States,Ohio (OH),Ohio (OH),Part-Time,I only know English,White/Caucasian,White,English,English,English,No,none,No,I identify myself as a monocultural individual,United States,Female,No,I was raised with my native language only
605cf11f543af3c50cd63057,5d83d2f1ae7a8b00017ec6a9,RETURNED,2021-03-25 20:23:12.657000,,348922.814147,40,952,8,98,,,CONSENT REVOKED,CONSENT REVOKED,CONSENT REVOKED,CONSENT REVOKED,CONSENT REVOKED,CONSENT REVOKED,CONSENT REVOKED,CONSENT REVOKED,CONSENT REVOKED,CONSENT REVOKED,CONSENT REVOKED,CONSENT REVOKED,CONSENT REVOKED,CONSENT REVOKED,CONSENT REVOKED,CONSENT REVOKED,CONSENT REVOKED,CONSENT REVOKED,CONSENT REVOKED,CONSENT REVOKED
605cf4df77f4e7ac3fab1b69,5ff136c3c9707d53b32b08d2,RETURNED,2021-03-25 20:38:58.720000,,347976.75126,31,164,0,100,,,CONSENT REVOKED,CONSENT REVOKED,CONSENT REVOKED,CONSENT REVOKED,CONSENT REVOKED,CONSENT REVOKED,CONSENT REVOKED,CONSENT REVOKED,CONSENT REVOKED,CONSENT REVOKED,CONSENT REVOKED,CONSENT REVOKED,CONSENT REVOKED,CONSENT REVOKED,CONSENT REVOKED,CONSENT REVOKED,CONSENT REVOKED,CONSENT REVOKED,CONSENT REVOKED,CONSENT REVOKED
605cfb896d58ea1f5b7767b4,5fb596ff69ed590fff92ba8f,APPROVED,2021-03-25 21:10:58.098000,2021-03-25 21:25:04.095000,845.997,23,239,0,100,2021-03-27 14:43:42.120000,3900423D,native language + one other language,United States,United States,Ohio (OH),Indiana (IN),Part-Time,I know one other language in addition to English,White/Caucasian,White,English,DATA EXPIRED,English,No,none,No,I identify myself as a monocultural individual,United States,Female,No,I was raised with my native language only
605d093306de57ced4cbbc7b,5f32a66eb0b759099d33fb8c,APPROVED,2021-03-25 22:05:39.135000,2021-03-25 22:16:50.904000,671.769,32,330,1,100,2021-03-27 14:43:56.772000,3900423D,none just my native langauge,United States,United States,Indiana (IN),Indiana (IN),"Not in paid work (e.g. homemaker', 'retired or disabled)",I only know English,White/Caucasian,White,English,DATA EXPIRED,English,No,none,No,I identify myself as a monocultural individual,United States,Female,Yes,I was raised with my native language only
605d09f56959a2e197c9163c,5f589f7bce1c040113809f12,RETURNED,2021-03-25 22:19:08.478000,,341967.010463,28,346,1,100,,,CONSENT REVOKED,CONSENT REVOKED,CONSENT REVOKED,CONSENT REVOKED,CONSENT REVOKED,CONSENT REVOKED,CONSENT REVOKED,CONSENT REVOKED,CONSENT REVOKED,CONSENT REVOKED,CONSENT REVOKED,CONSENT REVOKED,CONSENT REVOKED,CONSENT REVOKED,CONSENT REVOKED,CONSENT REVOKED,CONSENT REVOKED,CONSENT REVOKED,CONSENT REVOKED,CONSENT REVOKED
605d28b0c52bd4a523f5d222,59e91cebae9f950001d8466a,APPROVED,2021-03-26 00:20:03.603000,2021-03-26 00:36:34.662000,991.059,30,1396,2,100,2021-03-27 14:44:13.956000,3900423D,none just my native langauge,United States,United States,Illinois (IL),Wisconsin (WI),Part-Time,I only know English,White/Caucasian,White,English,English,English,No,none,No,I identify myself as a monocultural individual,United States,Female,No,I was raised with my native language only
605d40ee255f0604338d09e2,5e88dc8c101fec57cb09fa3a,APPROVED,2021-03-26 02:03:34.293000,2021-03-26 02:18:47.040000,912.747,27,175,1,100,2021-03-27 14:44:31.493000,3900423D,native language + one other language,United States,United States,Illinois (IL),Illinois (IL),Part-Time,I know one other language in addition to English,White/Caucasian,White,English,English,English,No,none,No,I identify myself as a monocultural individual,United States,Female,No,I was raised with my native language only
605d477a09dcd20478cc16f9,5e8601d90126b207e8c7a2aa,RETURNED,2021-03-26 02:31:25.278000,,326830.231616,40,466,5,98,,,CONSENT REVOKED,CONSENT REVOKED,CONSENT REVOKED,CONSENT REVOKED,CONSENT REVOKED,CONSENT REVOKED,CONSENT REVOKED,CONSENT REVOKED,CONSENT REVOKED,CONSENT REVOKED,CONSENT REVOKED,CONSENT REVOKED,CONSENT REVOKED,CONSENT REVOKED,CONSENT REVOKED,CONSENT REVOKED,CONSENT REVOKED,CONSENT REVOKED,CONSENT REVOKED,CONSENT REVOKED
605d7e58dc2cb1ba0a5f0b28,60087dd9f095dd4b5982dbf8,RETURNED,2021-03-26 06:25:35.538000,,312779.971709,25,186,2,100,,,CONSENT REVOKED,CONSENT REVOKED,CONSENT REVOKED,CONSENT REVOKED,CONSENT REVOKED,CONSENT REVOKED,CONSENT REVOKED,CONSENT REVOKED,CONSENT REVOKED,CONSENT REVOKED,CONSENT REVOKED,CONSENT REVOKED,CONSENT REVOKED,CONSENT REVOKED,CONSENT REVOKED,CONSENT REVOKED,CONSENT REVOKED,CONSENT REVOKED,CONSENT REVOKED,CONSENT REVOKED
605dd44ed1db2c148370202b,5f0499756b5d4972f0da9c78,APPROVED,2021-03-26 12:32:23.195000,2021-03-26 12:43:29.953000,666.758,27,309,1,100,2021-03-27 14:44:49.787000,3900423D,none just my native langauge,United States,United States,Maryland (MD),Maryland (MD),Full-Time,I only know English,White/Caucasian,White,English,English,English,No,none,No,I identify myself as a monocultural individual,United States,Male,No,I was raised with my native language only
605de26b97d6aa2cb467b210,5edec41934077316a30b8831,RETURNED,2021-03-26 13:32:34.159000,,287161.359987,26,336,3,99,,,CONSENT REVOKED,CONSENT REVOKED,CONSENT REVOKED,CONSENT REVOKED,CONSENT REVOKED,CONSENT REVOKED,CONSENT REVOKED,CONSENT REVOKED,CONSENT REVOKED,CONSENT REVOKED,CONSENT REVOKED,CONSENT REVOKED,CONSENT REVOKED,CONSENT REVOKED,CONSENT REVOKED,CONSENT REVOKED,CONSENT REVOKED,CONSENT REVOKED,CONSENT REVOKED,CONSENT REVOKED
605dfb64e2e69cfb942eac24,5cb0cfc643e80b00010a384b,RETURNED,2021-03-26 15:19:07.669000,,280767.85008,37,1234,2,100,,,CONSENT REVOKED,CONSENT REVOKED,CONSENT REVOKED,CONSENT REVOKED,CONSENT REVOKED,CONSENT REVOKED,CONSENT REVOKED,CONSENT REVOKED,CONSENT REVOKED,CONSENT REVOKED,CONSENT REVOKED,CONSENT REVOKED,CONSENT REVOKED,CONSENT REVOKED,CONSENT REVOKED,CONSENT REVOKED,CONSENT REVOKED,CONSENT REVOKED,CONSENT REVOKED,CONSENT REVOKED
605e060816e1d2d8c2b69059,5fb6da2d039b27111314d871,APPROVED,2021-03-26 16:04:26.564000,2021-03-26 16:16:31.181000,724.617,27,196,0,100,2021-03-27 14:45:05.182000,3900423D,none just my native langauge,United States,United States,Illinois (IL),Illinois (IL),DATA EXPIRED,I only know English,White/Caucasian,White,English,DATA EXPIRED,English,No,none,No,I identify myself as a monocultural individual,United States,Female,No,I was raised with my native language only
605e09743e524c856818bf05,5f582002dff3f038d1eb83c4,APPROVED,2021-03-26 16:19:03.075000,2021-03-26 16:31:51.307000,768.232,23,451,1,100,2021-03-27 14:45:20.979000,3900423D,none just my native langauge,United States,United States,Illinois (IL),Illinois (IL),Full-Time,I know one other language in addition to English,White/Caucasian,White,English,DATA EXPIRED,English,No,none,No,I identify myself as a monocultural individual,United States,Male,No,I was raised with my native language only
605e1af5e22bfb8fc5290cc2,5c59aecb6ca5e600017206de,APPROVED,2021-03-26 17:33:44.261000,2021-03-26 17:47:47.902000,843.641,26,1035,1,100,2021-03-27 14:45:34.940000,3900423D,none just my native langauge,United States,United States,Ohio (OH),Ohio (OH),Full-Time,I only know English,White/Caucasian,White,English,English,English,No,none,No,I identify myself as a monocultural individual,United States,Male,No,I was raised with my native language only
605e1bc46b081bf7747eb2e6,5fc004cdd7890e102cc48ce6,APPROVED,2021-03-26 17:37:12.911000,2021-03-26 17:48:05.404000,652.493,23,188,0,100,2021-03-27 14:45:47.150000,3900423D,none just my native langauge,United States,United States,Ohio (OH),Ohio (OH),Full-Time,I know one other language in addition to English,White/Caucasian,White,English,DATA EXPIRED,English,No,none,No,I identify myself as a monocultural individual,United States,Male,No,I was raised with my native language only
605e256ba4bee8302f9806db,5fc51d23152a5a0008a1956c,APPROVED,2021-03-26 18:23:43.455000,2021-03-26 18:37:06.308000,802.853,29,285,1,100,2021-03-27 14:46:05.046000,3900423D,none just my native langauge,United States,United States,Maryland (MD),Maryland (MD),Full-Time,I only know English,White/Caucasian,White,English,DATA EXPIRED,English,No,none,No,I identify myself as a monocultural individual,United States,Female,No,I was raised with my native language only
605e3006c0926bc6a529ec9a,5ff7a8b2c0a7854b6ce5c375,RETURNED,2021-03-26 19:03:34.396000,,267301.171105,26,136,0,100,,,CONSENT REVOKED,CONSENT REVOKED,CONSENT REVOKED,CONSENT REVOKED,CONSENT REVOKED,CONSENT REVOKED,CONSENT REVOKED,CONSENT REVOKED,CONSENT REVOKED,CONSENT REVOKED,CONSENT REVOKED,CONSENT REVOKED,CONSENT REVOKED,CONSENT REVOKED,CONSENT REVOKED,CONSENT REVOKED,CONSENT REVOKED,CONSENT REVOKED,CONSENT REVOKED,CONSENT REVOKED
605e308087a367fe1629ff2c,5f56481f814f890398411ba3,APPROVED,2021-03-26 19:05:40.024000,2021-03-26 19:18:15.858000,755.834,33,226,1,100,2021-03-27 14:46:20.477000,3900423D,none just my native langauge,United States,United States,New York (NY),New Jersey (NJ),Full-Time,I only know English,White/Caucasian,White,English,DATA EXPIRED,English,No,none,No,I identify myself as a monocultural individual,United States,Female,No,I was raised with my native language only
605e38c32643fc3a3f90a64d,5f167f51ad108d1f606d74f3,RETURNED,2021-03-26 19:51:09.012000,,264446.564315,18,83,0,100,,,CONSENT REVOKED,CONSENT REVOKED,CONSENT REVOKED,CONSENT REVOKED,CONSENT REVOKED,CONSENT REVOKED,CONSENT REVOKED,CONSENT REVOKED,CONSENT REVOKED,CONSENT REVOKED,CONSENT REVOKED,CONSENT REVOKED,CONSENT REVOKED,CONSENT REVOKED,CONSENT REVOKED,CONSENT REVOKED,CONSENT REVOKED,CONSENT REVOKED,CONSENT REVOKED,CONSENT REVOKED
605e8102755109837ca1c4d6,5ed92a47585c150e2dc44740,APPROVED,2021-03-27 00:49:08.494000,2021-03-27 01:02:29,800.506,24,282,3,99,2021-03-27 14:46:37.830000,3900423D,none just my native langauge,United States,United States,New Jersey (NJ),New Jersey (NJ),Part-Time,I only know English,White/Caucasian,White,,English,English,No,none,No,I identify myself as a monocultural individual,United States,Female,Yes,I was raised with my native language only
605e83fba91bd9353c69d2c0,565a4547c51d43000587507d,APPROVED,2021-03-27 01:01:48.987000,2021-03-27 01:16:41.448000,892.461,39,1805,3,100,2021-03-27 14:46:54.521000,3900423D,native language + one other language,United States,United States,Illinois (IL),Pennsylvania (PA),Part-Time,I know one other language in addition to English,White/Caucasian,White,English,English,"English, Spanish",No,none,No,I identify myself as a monocultural individual,United States,Female,Yes,I was raised with my native language only
605f17afa00a5725f2a43027,5f4a7225cf944c08a81adca2,REJECTED,2021-03-27 11:32:02.801000,2021-03-27 11:38:54.129000,411.328,18,473,3,100,2021-03-27 17:24:56.290000,3900423D,none just my native langauge,United States,United States,New Jersey (NJ),New Jersey (NJ),Part-Time,I only know English,White/Caucasian,White,English,DATA EXPIRED,English,No,none,No,I identify myself as a monocultural individual,United States,Female,Yes,I was raised with my native language only
605f2483ac74f74853c3741a,594c1e5a9160cb00011d6474,RETURNED,2021-03-27 12:26:46.108000,,204709.497446,28,1249,0,100,,,CONSENT REVOKED,CONSENT REVOKED,CONSENT REVOKED,CONSENT REVOKED,CONSENT REVOKED,CONSENT REVOKED,CONSENT REVOKED,CONSENT REVOKED,CONSENT REVOKED,CONSENT REVOKED,CONSENT REVOKED,CONSENT REVOKED,CONSENT REVOKED,CONSENT REVOKED,CONSENT REVOKED,CONSENT REVOKED,CONSENT REVOKED,CONSENT REVOKED,CONSENT REVOKED,CONSENT REVOKED
605f29508d6d1f810f2bb70d,6057880f8633bbd79c6f10d8,APPROVED,2021-03-27 12:47:17.791000,2021-03-27 13:00:13.810000,776.019,18,25,0,100,2021-03-27 17:28:26.599000,3900423D,none just my native langauge,United States,United States,Connecticut (CT),Connecticut (CT),Unemployed (and job seeking),I only know English,White/Caucasian,White,English,,English,No,none,No,I identify myself as a monocultural individual,United States,Female,Yes,I was raised with my native language only
605f324eed9ef913c955179a,5f3810bc8049e40ad7b6909a,APPROVED,2021-03-27 13:25:43.976000,2021-03-27 13:34:54.644000,550.668,23,353,0,100,2021-03-27 17:28:41.558000,3900423D,none just my native langauge,United States,United States,Ohio (OH),Ohio (OH),Full-Time,I only know English,White/Caucasian,White,English,DATA EXPIRED,English,No,none,No,I identify myself as a monocultural individual,United States,Female,No,I was raised with my native language only
605f3fd10c054796445c0a15,5efa05ac9d93427d6ec8ab73,RETURNED,2021-03-27 14:23:16.328000,,197719.297168,19,484,1,100,,,CONSENT REVOKED,CONSENT REVOKED,CONSENT REVOKED,CONSENT REVOKED,CONSENT REVOKED,CONSENT REVOKED,CONSENT REVOKED,CONSENT REVOKED,CONSENT REVOKED,CONSENT REVOKED,CONSENT REVOKED,CONSENT REVOKED,CONSENT REVOKED,CONSENT REVOKED,CONSENT REVOKED,CONSENT REVOKED,CONSENT REVOKED,CONSENT REVOKED,CONSENT REVOKED,CONSENT REVOKED
605f47e41a6c12b9d50444ff,5fb33ec89c2b44a71c2cd5df,APPROVED,2021-03-27 14:57:44.327000,2021-03-27 15:10:05.959000,741.632,22,147,0,100,2021-03-27 17:29:07.747000,3900423D,none just my native langauge,United States,United States,Wisconsin (WI),Wisconsin (WI),Full-Time,I only know English,White/Caucasian,White,English,DATA EXPIRED,English,No,none,No,I identify myself as a monocultural individual,United States,Male,No,I was raised with my native language only
605f784bf424f86e11f24bac,5c1919fbd9241d0001363964,APPROVED,2021-03-27 18:24:16.962000,2021-03-27 18:39:21.890000,904.928,39,63,1,100,2021-03-27 20:13:24.886000,3900423D,none just my native langauge,United States,United Kingdom,Wisconsin (WI),Wisconsin (WI),"Not in paid work (e.g. homemaker', 'retired or disabled)",I only know English,White/Caucasian,White,English,English,English,No,none,No,I identify myself as a monocultural individual,United States,Female,No,I was raised with my native language only
605f8266916c6c6c7d384a06,5e9b546f0b9d790009988776,RETURNED,2021-03-27 19:07:20.985000,,180674.655623,38,205,0,100,,,CONSENT REVOKED,CONSENT REVOKED,CONSENT REVOKED,CONSENT REVOKED,CONSENT REVOKED,CONSENT REVOKED,CONSENT REVOKED,CONSENT REVOKED,CONSENT REVOKED,CONSENT REVOKED,CONSENT REVOKED,CONSENT REVOKED,CONSENT REVOKED,CONSENT REVOKED,CONSENT REVOKED,CONSENT REVOKED,CONSENT REVOKED,CONSENT REVOKED,CONSENT REVOKED,CONSENT REVOKED
605f879fe07174737d4d6ba2,5a0502cb517dfb00013db4a3,APPROVED,2021-03-27 19:29:38.232000,2021-03-27 19:40:36.989000,658.757,24,140,2,100,2021-03-27 20:13:45.270000,3900423D,native language + one other language,United States,United States,New Jersey (NJ),New Jersey (NJ),Unemployed (and job seeking),I know one other language in addition to English,Caucasian,White,,English,"English, Spanish",No,none,No,I identify myself as a monocultural individual,United States,Female,No,I was raised with my native language only
605f9dae6337d6a80996a978,5d018568affeab001ae1b1de,RETURNED,2021-03-27 21:03:49.945000,,173685.704508,22,806,1,100,,,CONSENT REVOKED,CONSENT REVOKED,CONSENT REVOKED,CONSENT REVOKED,CONSENT REVOKED,CONSENT REVOKED,CONSENT REVOKED,CONSENT REVOKED,CONSENT REVOKED,CONSENT REVOKED,CONSENT REVOKED,CONSENT REVOKED,CONSENT REVOKED,CONSENT REVOKED,CONSENT REVOKED,CONSENT REVOKED,CONSENT REVOKED,CONSENT REVOKED,CONSENT REVOKED,CONSENT REVOKED
605f9eec46c39fa84c0b4b6f,5f3c35f98baa00a729e2efe7,RETURNED,2021-03-27 21:09:04.349000,,173371.300598,28,497,3,100,,,CONSENT REVOKED,CONSENT REVOKED,CONSENT REVOKED,CONSENT REVOKED,CONSENT REVOKED,CONSENT REVOKED,CONSENT REVOKED,CONSENT REVOKED,CONSENT REVOKED,CONSENT REVOKED,CONSENT REVOKED,CONSENT REVOKED,CONSENT REVOKED,CONSENT REVOKED,CONSENT REVOKED,CONSENT REVOKED,CONSENT REVOKED,CONSENT REVOKED,CONSENT REVOKED,CONSENT REVOKED
605fa00ba765730d211cb9bd,5d07f739f5d10a001815058e,RETURNED,2021-03-27 21:13:50.841000,,173084.808642,23,377,2,100,,,CONSENT REVOKED,CONSENT REVOKED,CONSENT REVOKED,CONSENT REVOKED,CONSENT REVOKED,CONSENT REVOKED,CONSENT REVOKED,CONSENT REVOKED,CONSENT REVOKED,CONSENT REVOKED,CONSENT REVOKED,CONSENT REVOKED,CONSENT REVOKED,CONSENT REVOKED,CONSENT REVOKED,CONSENT REVOKED,CONSENT REVOKED,CONSENT REVOKED,CONSENT REVOKED,CONSENT REVOKED
605fb6d9b3d3a7719bc0b1a2,5844812dc5bc3a0001a4d553,APPROVED,2021-03-27 22:51:09.003000,2021-03-27 23:02:06.739000,657.736,33,158,2,99,2021-03-28 03:39:33.572000,3900423D,none just my native langauge,United States,United States,Massachusetts (MA),Illinois (IL),Full-Time,I only know English,White/Caucasian,White,English,English,English,No,none,No,I identify myself as a monocultural individual,United States,Male,No,I was raised with my native language only
605fcdb0e1717bd70e6bbe9d,5eb5c26dd25d2549d228fdf1,APPROVED,2021-03-28 00:28:36.678000,2021-03-28 00:43:33.387000,896.709,24,162,0,100,2021-03-28 03:40:09.361000,3900423D,none just my native langauge,United States,United States,New York (NY),New York (NY),Unemployed (and job seeking),I only know English,White/Caucasian,White,,English,English,No,none,No,I identify myself as a monocultural individual,United States,Female,Yes,I was raised with my native language only
605ff0e5c03ea5a598d0817b,6037034f07abbf728431e247,APPROVED,2021-03-28 02:58:47.712000,2021-03-28 03:10:10.482000,682.77,28,17,0,100,2021-03-28 03:39:00.218000,3900423D,none just my native langauge,United States,United States,Michigan (MI),Michigan (MI),Full-Time,I only know English,White/Caucasian,White,English,,English,No,none,No,I identify myself as a monocultural individual,United States,Male,No,I was raised with my native language only
6060043724c9d3f2d9687ecf,5f8ac1305e9e68172b6fb52b,RETURNED,2021-03-28 04:21:18.318000,,147437.358939,30,339,1,100,,,CONSENT REVOKED,CONSENT REVOKED,CONSENT REVOKED,CONSENT REVOKED,CONSENT REVOKED,CONSENT REVOKED,CONSENT REVOKED,CONSENT REVOKED,CONSENT REVOKED,CONSENT REVOKED,CONSENT REVOKED,CONSENT REVOKED,CONSENT REVOKED,CONSENT REVOKED,CONSENT REVOKED,CONSENT REVOKED,CONSENT REVOKED,CONSENT REVOKED,CONSENT REVOKED,CONSENT REVOKED
6060053c2df4752e75d7c4c1,5ef62cf4c9f4540e50940cfb,RETURNED,2021-03-28 04:25:34.095000,,147181.582047,33,468,1,100,,,CONSENT REVOKED,CONSENT REVOKED,CONSENT REVOKED,CONSENT REVOKED,CONSENT REVOKED,CONSENT REVOKED,CONSENT REVOKED,CONSENT REVOKED,CONSENT REVOKED,CONSENT REVOKED,CONSENT REVOKED,CONSENT REVOKED,CONSENT REVOKED,CONSENT REVOKED,CONSENT REVOKED,CONSENT REVOKED,CONSENT REVOKED,CONSENT REVOKED,CONSENT REVOKED,CONSENT REVOKED
60601d578ea67fe8e220bb0b,5d22686d9b3bf900019d73c0,APPROVED,2021-03-28 06:08:29.771000,2021-03-28 06:21:43.695000,793.924,22,119,0,100,2021-03-29 06:53:06.347000,3900423D,none just my native langauge,United States,United States,Michigan (MI),Michigan (MI),Other,I only know English,White/Caucasian,White,English,DATA EXPIRED,English,No,none,No,I identify myself as a monocultural individual,United States,Male,Yes,I was raised with my native language only
6060492b8a81c7968bc3433e,6023464f11052e1b790f91e3,TIMED-OUT,2021-03-28 09:15:26.447000,,129789.236267,33,55,1,99,,,none just my native langauge,United States,United States,Maryland (MD),Maryland (MD),Full-Time,I only know English,White/Caucasian,White,English,,English,No,none,No,I identify myself as a monocultural individual,United States,Female,No,I was raised with my native language only
6060addc20241111ad937c7a,5e38a16710f1a60bb1e08ecf,RETURNED,2021-03-28 16:35:00.097000,,103415.594839,28,467,0,100,,,CONSENT REVOKED,CONSENT REVOKED,CONSENT REVOKED,CONSENT REVOKED,CONSENT REVOKED,CONSENT REVOKED,CONSENT REVOKED,CONSENT REVOKED,CONSENT REVOKED,CONSENT REVOKED,CONSENT REVOKED,CONSENT REVOKED,CONSENT REVOKED,CONSENT REVOKED,CONSENT REVOKED,CONSENT REVOKED,CONSENT REVOKED,CONSENT REVOKED,CONSENT REVOKED,CONSENT REVOKED
6060c46eb1b684b736642324,5e960111bc10f706bfe802fe,APPROVED,2021-03-28 18:01:24.379000,2021-03-28 18:13:04.223000,699.844,21,352,3,99,2021-03-29 06:53:26.464000,3900423D,none just my native langauge,United States,United States,Ohio (OH),Ohio (OH),Unemployed (and job seeking),I only know English,White/Caucasian,White,,English,English,No,none,No,I identify myself as a monocultural individual,United States,Female,Yes,I was raised with my native language only
6060d33bcfca4cc9fbfd78f5,5e995f42b1ec1d190548da20,RETURNED,2021-03-28 19:04:31.944000,,94443.757222,25,17,0,100,,,CONSENT REVOKED,CONSENT REVOKED,CONSENT REVOKED,CONSENT REVOKED,CONSENT REVOKED,CONSENT REVOKED,CONSENT REVOKED,CONSENT REVOKED,CONSENT REVOKED,CONSENT REVOKED,CONSENT REVOKED,CONSENT REVOKED,CONSENT REVOKED,CONSENT REVOKED,CONSENT REVOKED,CONSENT REVOKED,CONSENT REVOKED,CONSENT REVOKED,CONSENT REVOKED,CONSENT REVOKED
6060d60272e7a7f63dd8f323,5e9902c3a64f740009842923,RETURNED,2021-03-28 19:16:21.506000,,93734.195341,25,270,2,100,,,CONSENT REVOKED,CONSENT REVOKED,CONSENT REVOKED,CONSENT REVOKED,CONSENT REVOKED,CONSENT REVOKED,CONSENT REVOKED,CONSENT REVOKED,CONSENT REVOKED,CONSENT REVOKED,CONSENT REVOKED,CONSENT REVOKED,CONSENT REVOKED,CONSENT REVOKED,CONSENT REVOKED,CONSENT REVOKED,CONSENT REVOKED,CONSENT REVOKED,CONSENT REVOKED,CONSENT REVOKED
6060db1fa53acf3bca54adad,5cb780117c68990016026fcf,RETURNED,2021-03-28 19:38:12.995000,,92422.706389,29,387,1,100,,,CONSENT REVOKED,CONSENT REVOKED,CONSENT REVOKED,CONSENT REVOKED,CONSENT REVOKED,CONSENT REVOKED,CONSENT REVOKED,CONSENT REVOKED,CONSENT REVOKED,CONSENT REVOKED,CONSENT REVOKED,CONSENT REVOKED,CONSENT REVOKED,CONSENT REVOKED,CONSENT REVOKED,CONSENT REVOKED,CONSENT REVOKED,CONSENT REVOKED,CONSENT REVOKED,CONSENT REVOKED
6060ed87985ae0e0f21a3440,5efb5360f3f69c084c1ca850,APPROVED,2021-03-28 20:56:39.211000,2021-03-28 21:08:06.329000,687.118,25,788,1,100,2021-03-29 06:53:52.256000,3900423D,none just my native langauge,United States,United States,New York (NY),New York (NY),Full-Time,I only know English,White/Caucasian,White,English,English,English,No,none,No,I identify myself as a monocultural individual,United States,Male,No,I was raised with my native language only
6060ef74ceb1fed46c6e4c26,5e82279d39ea6d067ea804eb,RETURNED,2021-03-28 21:04:55.325000,,87220.385581,22,363,4,98,,,CONSENT REVOKED,CONSENT REVOKED,CONSENT REVOKED,CONSENT REVOKED,CONSENT REVOKED,CONSENT REVOKED,CONSENT REVOKED,CONSENT REVOKED,CONSENT REVOKED,CONSENT REVOKED,CONSENT REVOKED,CONSENT REVOKED,CONSENT REVOKED,CONSENT REVOKED,CONSENT REVOKED,CONSENT REVOKED,CONSENT REVOKED,CONSENT REVOKED,CONSENT REVOKED,CONSENT REVOKED
60611229db48191af55d0c7e,5fb6f3bc48d534199270ad38,APPROVED,2021-03-28 23:33:01.319000,2021-03-28 23:59:31.768000,1590.449,21,192,0,100,2021-03-29 06:54:13.403000,3900423D,none just my native langauge,United States,United States,Michigan (MI),Michigan (MI),Part-Time,I only know English,White/Caucasian,White,English,DATA EXPIRED,English,No,none,No,I identify myself as a monocultural individual,United States,Male,Yes,I was raised with my native language only
60611d770e6aaefb929b4873,5e89550b220e2f5f277597f0,RETURNED,2021-03-29 00:21:13.576000,,75442.14368,22,236,1,100,,,CONSENT REVOKED,CONSENT REVOKED,CONSENT REVOKED,CONSENT REVOKED,CONSENT REVOKED,CONSENT REVOKED,CONSENT REVOKED,CONSENT REVOKED,CONSENT REVOKED,CONSENT REVOKED,CONSENT REVOKED,CONSENT REVOKED,CONSENT REVOKED,CONSENT REVOKED,CONSENT REVOKED,CONSENT REVOKED,CONSENT REVOKED,CONSENT REVOKED,CONSENT REVOKED,CONSENT REVOKED
60611eebbd0af60c0368e8aa,5fce532e51f670000a2a1410,APPROVED,2021-03-29 00:27:32.921000,2021-03-29 00:42:09.012000,876.091,26,150,1,100,2021-03-29 06:54:31.352000,3900423D,none just my native langauge,United States,United States,Ohio (OH),Ohio (OH),Full-Time,I only know English,White/Caucasian,White,English,DATA EXPIRED,English,No,none,No,I identify myself as a monocultural individual,United States,Male,No,I was raised with my native language only
6061cb7169cc3f8b3bf14ae9,5d8f8510f3e52d0018924390,APPROVED,2021-03-29 12:44:59.580000,2021-03-29 13:03:39.024000,1119.444,36,492,0,100,2021-03-29 21:10:28.234000,3900423D,none just my native langauge,United States,United States,Illinois (IL),Illinois (IL),Full-Time,I only know English,White/Caucasian,White,English,English,English,No,none,No,I identify myself as a monocultural individual,United States,Female,No,I was raised with my native language only
6061e387e5f3b0d22bdaa690,5630246f733ea0000f1633dd,APPROVED,2021-03-29 14:26:15.426000,2021-03-29 14:34:32.506000,497.08,35,412,0,100,2021-03-29 21:10:46.520000,3900423D,none just my native langauge,United States,United States,Michigan (MI),Michigan (MI),"Not in paid work (e.g. homemaker', 'retired or disabled)",I only know English,White/Caucasian,White,English,English,English,No,none,No,I identify myself as a monocultural individual,United States,Female,No,I was raised with my native language only
6061e576ea7ffd750b09df7a,601c454a1e2f3c720321470b,APPROVED,2021-03-29 14:34:30.059000,2021-03-29 14:51:56.079000,1046.02,36,79,0,100,2021-03-29 21:09:40.772000,3900423D,none just my native langauge,United States,United States,Wisconsin (WI),Indiana (IN),Full-Time,I only know English,White/Caucasian,White,English,DATA EXPIRED,English,No,none,No,I identify myself as a monocultural individual,United States,Female,No,I was raised with my native language only
6061efcd196f3a90e612bd39,5cdf215da7b516001828bdda,APPROVED,2021-03-29 15:18:43.166000,2021-03-29 15:28:53.679000,610.513,23,355,2,100,2021-03-29 21:11:04.994000,3900423D,none just my native langauge,United States,United States,Massachusetts (MA),Massachusetts (MA),Unemployed (and job seeking),I know one other language in addition to English,White/Caucasian,White,,English,English,No,none,No,I identify myself as a monocultural individual,United States,Female,No,I was raised with my native language only
6061f79ac78a2bece413b138,5e9498c27ca863327ced415f,APPROVED,2021-03-29 15:51:54.771000,2021-03-29 16:07:24.295000,929.524,35,87,0,100,2021-03-29 21:11:20.364000,3900423D,none just my native langauge,United States,United States,Ohio (OH),Ohio (OH),Full-Time,I only know English,White/Caucasian,White,,English,English,No,none,No,I identify myself as a monocultural individual,United States,Male,No,I was raised with my native language only
6062008f4bc3de4bac171372,5ef411225a5e591d15fda2ec,APPROVED,2021-03-29 16:30:09.509000,2021-03-29 16:39:13.895000,544.386,26,484,1,100,2021-03-29 21:08:44.418000,3900423D,native language + one other language,United States,United States,Michigan (MI),Michigan (MI),Full-Time,I know one other language in addition to English,White/Caucasian,White,English,English,"English, German",No,none,No,I identify myself as a monocultural individual,United States,Female,No,I was raised with my native language only
606215b0ed792cff82a4dcb1,5e8a5f27f35994098ee9a4aa,APPROVED,2021-03-29 18:00:19.708000,2021-03-29 18:12:45.099000,745.391,22,688,4,100,2021-03-29 21:11:40.273000,3900423D,native language + one other language,United States,United States,Indiana (IN),Indiana (IN),Part-Time,I know one other language in addition to English,White/Caucasian,White,English,English,"English, Spanish",No,none,No,I identify myself as a monocultural individual,United States,Female,Yes,I was raised with my native language only
60623c4f0bb3054a1dc8f8af,5f121091e95fdc03b5e897d0,APPROVED,2021-03-29 20:45:07.685000,2021-03-29 20:57:02.188000,714.503,27,189,0,100,2021-03-29 21:12:37.664000,3900423D,none just my native langauge,United States,United States,Indiana (IN),Indiana (IN),Unemployed (and job seeking),I only know English,White/Caucasian,White,English,English,English,No,none,No,I identify myself as a monocultural individual,United States,Female,Yes,I was raised with my native language only
