session_id,participant_id,status,started_datetime,completed_date_time,time_taken,age,num_approvals,num_rejections,prolific_score,reviewed_at_datetime,entered_code,Bilingual,Country of Birth,Current Country of Residence,Employment Status,First language,First Language,Fluent languages,Hearing difficulties,Language related disorders,Literacy Difficulties,Mono/multi cultural,Nationality,Sex,Student Status,Were you raised monolingual?
602b1af46ef6bd2574de9e38,5f97903bf909fc06c1bc4e94,RETURNED,2021-02-16 01:08:04.875000,,62186.058621,31,8,0,100,,,CONSENT REVOKED,CONSENT REVOKED,CONSENT REVOKED,CONSENT REVOKED,CONSENT REVOKED,CONSENT REVOKED,CONSENT REVOKED,CONSENT REVOKED,CONSENT REVOKED,CONSENT REVOKED,CONSENT REVOKED,CONSENT REVOKED,CONSENT REVOKED,CONSENT REVOKED,CONSENT REVOKED
602b1b0a33061922b563fb0d,5ad4ed6b754a0d000162329e,APPROVED,2021-02-16 01:08:30.906000,2021-02-16 01:14:00.428000,329.522,28,103,2,99,2021-02-16 14:25:54.053000,7BA7FE99,native language + one other language,Mexico,Mexico,Full-Time,,Spanish,"Spanish, English",No,none,No,I identify myself as a monocultural individual,Mexico,Female,No,I was raised with my native language only
602b1b4794c5ae25b871e16a,5d1a8d1531978f00019c42bd,RETURNED,2021-02-16 01:09:27.134000,,62103.878518,25,214,0,100,,,CONSENT REVOKED,CONSENT REVOKED,CONSENT REVOKED,CONSENT REVOKED,CONSENT REVOKED,CONSENT REVOKED,CONSENT REVOKED,CONSENT REVOKED,CONSENT REVOKED,CONSENT REVOKED,CONSENT REVOKED,CONSENT REVOKED,CONSENT REVOKED,CONSENT REVOKED,CONSENT REVOKED
602b1c84cb3b6f235140aeb1,5ef6c48340846d3c05b8236c,APPROVED,2021-02-16 01:21:04.130000,2021-02-16 01:27:18.868000,374.738,54,47,1,100,2021-02-16 05:21:09.845000,7BA7FE99,none just my native langauge,Mexico,Mexico,Unemployed (and job seeking),,Spanish,Spanish,No,none,No,I identify myself as a monocultural individual,Mexico,Male,No,I was raised with my native language only
602b1cc4733e6a24388795ae,5f6cdd631e1f1c10a9dd336f,APPROVED,2021-02-16 01:15:48.341000,2021-02-16 01:20:34.794000,286.453,22,33,0,100,2021-02-16 14:34:22.048000,7BA7FE99,native language + one other language,Mexico,Mexico,Unemployed (and job seeking),Spanish,DATA EXPIRED,"English, Spanish",No,none,No,I identify myself as a monocultural individual,Mexico,Female,Yes,I was raised with my native language only
602b1cec6c0b932443681cd4,5eaa3db0398cc31d177be481,APPROVED,2021-02-16 01:16:28.495000,2021-02-16 01:26:09.485000,580.99,18,50,1,98,2021-02-16 05:13:00.155000,7BA7FE99,native language + one other language,Chile,Chile,Other,Spanish,Spanish,"Spanish, English",No,none,No,I identify myself as a monocultural individual,Chile,Male,Yes,I was raised with my native language only
602b1cf0c4118f25a5c563d4,5ca17734692dc60001946a2c,RETURNED,2021-02-16 01:16:32.478000,,61678.727442,31,61,1,100,,,CONSENT REVOKED,CONSENT REVOKED,CONSENT REVOKED,CONSENT REVOKED,CONSENT REVOKED,CONSENT REVOKED,CONSENT REVOKED,CONSENT REVOKED,CONSENT REVOKED,CONSENT REVOKED,CONSENT REVOKED,CONSENT REVOKED,CONSENT REVOKED,CONSENT REVOKED,CONSENT REVOKED
602b1cf9c083e3257ee1a1ba,5ef811e6ab1a7e559d67aefe,RETURNED,2021-02-16 01:16:41.524000,,61669.681946,23,73,1,99,,,CONSENT REVOKED,CONSENT REVOKED,CONSENT REVOKED,CONSENT REVOKED,CONSENT REVOKED,CONSENT REVOKED,CONSENT REVOKED,CONSENT REVOKED,CONSENT REVOKED,CONSENT REVOKED,CONSENT REVOKED,CONSENT REVOKED,CONSENT REVOKED,CONSENT REVOKED,CONSENT REVOKED
602b1d24e527c3259d1075de,5f739994244c770f7ef035a2,APPROVED,2021-02-16 01:17:24.681000,2021-02-16 01:23:23.250000,358.569,30,33,0,100,2021-02-16 05:22:53.143000,7BA7FE99,native language + one other language,Mexico,Mexico,Full-Time,Spanish,DATA EXPIRED,"English, Spanish",No,none,No,I identify myself as a monocultural individual,Mexico,Female,No,I was raised with my native language only
602b1d84977e112361daac55,5d693d326246630001aed1ef,APPROVED,2021-02-16 01:19:02.987000,2021-02-16 01:23:23.266000,260.279,27,116,0,100,2021-02-16 18:13:40.791000,7BA7FE99,native language + one other language,Spain,Spain,Unemployed (and job seeking),,Spanish,"English, Spanish",No,none,No,I identify myself as a monocultural individual,Spain,Male,No,I was raised with my native language only
602b1dc12e76d025a0880f92,5e8f67f9cc3d6c24f4b646c9,AWAITING REVIEW,2021-02-16 01:20:01.645000,2021-02-16 01:37:16.108000,1034.463,35,136,2,99,,NOCODE,none just my native langauge,Mexico,Mexico,Full-Time,Spanish,Spanish,Spanish,No,none,No,I identify myself as a monocultural individual,Mexico,Female,Yes,I was raised with my native language only
602b1de3d6ab3e237825465f,5f3f0a8e147ad41e9861d4b5,APPROVED,2021-02-16 01:20:35.696000,2021-02-16 01:25:07.398000,271.702,23,56,1,99,2021-02-16 14:53:24.110000,7BA7FE99,native language + one other language,Mexico,Mexico,Part-Time,Spanish,DATA EXPIRED,"English, Spanish",No,none,No,I identify myself as a monocultural individual,Mexico,Male,Yes,I was raised with my native language only
602b1de4e999ac23537c3840,5f89e17a57925103ac8601df,APPROVED,2021-02-16 01:20:36.677000,2021-02-16 01:31:41.891000,665.214,22,37,1,100,2021-02-16 05:12:18.680000,7BA7FE99,native language + one other language,Chile,Chile,Other,Spanish,DATA EXPIRED,"English, Spanish",No,none,No,I identify myself as a monocultural individual,Chile,Female,Yes,I was raised with my native language only
602b1e00cc4651244a23bcbb,5f4bf4536b68b57e64ad4f2d,RETURNED,2021-02-16 01:32:00.065000,,60751.629942,35,62,0,100,,,CONSENT REVOKED,CONSENT REVOKED,CONSENT REVOKED,CONSENT REVOKED,CONSENT REVOKED,CONSENT REVOKED,CONSENT REVOKED,CONSENT REVOKED,CONSENT REVOKED,CONSENT REVOKED,CONSENT REVOKED,CONSENT REVOKED,CONSENT REVOKED,CONSENT REVOKED,CONSENT REVOKED
602b1e09aa64bc264ba68cdf,5ee73a8e24297201d19982a2,APPROVED,2021-02-16 01:21:13.874000,2021-02-16 01:26:25.031000,311.157,21,79,2,99,2021-02-16 14:30:15.402000,7BA7FE99,none just my native langauge,Chile,Chile,Unemployed (and job seeking),,Spanish,Spanish,No,none,No,I identify myself as a monocultural individual,Chile,Male,No,I was raised with my native language only
602b1e3573446b249644dcab,5b376f54cf5e6a00018309ef,APPROVED,2021-02-16 01:21:57.442000,2021-02-16 01:26:36.260000,278.818,33,358,2,100,2021-02-16 14:51:14.005000,7BA7FE99,none just my native langauge,Spain,Spain,Full-Time,,Spanish,Spanish,No,none,No,I identify myself as a monocultural individual,Spain,Male,Yes,I was raised with my native language only
602b1e6b94fe3a258ea9dc5a,5c60c298af517e0001a00b00,APPROVED,2021-02-16 01:23:09.544000,2021-02-16 01:32:26.831000,557.287,27,145,0,100,2021-02-16 05:13:25.140000,7BA7FE99,native language + one other language,Chile,Chile,Unemployed (and job seeking),,Spanish,"English, Spanish",No,none,No,I identify myself as a monocultural individual,Chile,Male,Yes,I was raised with my native language only
602b1e90a6fada25252f99d1,5cb62e72ebe8a50001a9b7c8,APPROVED,2021-02-16 01:23:28.526000,2021-02-16 01:34:08.050000,639.524,21,135,1,100,2021-02-16 05:12:39.965000,7BA7FE99,native language + one other language,Mexico,Mexico,Part-Time,,Spanish,"Spanish, English",No,none,No,I identify myself as a monocultural individual,Mexico,Male,Yes,I was raised with my native language only
602b1ed0e7fec0252b7e1760,5f95155d7ae37e0009ed42ac,APPROVED,2021-02-16 01:24:32.474000,2021-02-16 01:30:05.950000,333.476,21,38,0,100,2021-02-16 05:25:56.281000,7BA7FE99,native language + one other language,Mexico,Mexico,Unemployed (and job seeking),Spanish,DATA EXPIRED,"Spanish, English",No,none,No,I identify myself as a monocultural individual,Mexico,Male,Yes,I was raised with my native language only
602b1edd76180725b34d41f2,5f9a0f1dba641d12282c8e41,APPROVED,2021-02-16 01:24:45.390000,2021-02-16 01:31:45.243000,419.853,23,45,1,100,2021-02-16 05:16:39.955000,7BA7FE99,native language + one other language,Spain,Spain,"Not in paid work (e.g. homemaker', 'retired or disabled)",Spanish,DATA EXPIRED,Spanish,No,none,No,I identify myself as a monocultural individual,Spain,Male,Yes,I was raised with my native language only
602b1edec29fb1233545b7c1,5fa04dbd96f8c5051a33014f,APPROVED,2021-02-16 01:25:23.215000,2021-02-16 01:30:22.579000,299.364,24,25,2,95,2021-02-16 14:32:32.236000,7BA7FE99,native language + one other language,Chile,Chile,Unemployed (and job seeking),Spanish,DATA EXPIRED,"English, Spanish",No,none,No,I identify myself as a monocultural individual,Chile,Female,No,I was raised with my native language only
602b1ee9cb3b6f235140aeb5,5ef930974bc6e0000848aff7,APPROVED,2021-02-16 01:24:57.699000,2021-02-16 01:30:07.835000,310.136,28,97,0,100,2021-02-16 14:31:08.759000,7BA7FE99,none just my native langauge,Mexico,Mexico,Unemployed (and job seeking),,Spanish,"English, Spanish",No,none,No,I identify myself as a monocultural individual,Mexico,Male,Yes,I was raised with my native language only
602b1f02330619242c5215c2,5f6f06f3ef894f026d551497,APPROVED,2021-02-16 01:25:55.168000,2021-02-16 01:30:29.456000,274.288,18,50,0,100,2021-02-16 14:52:18.578000,7BA7FE99,native language + one other language,Spain,Spain,Other,Spanish,DATA EXPIRED,"Spanish, English",No,none,No,I identify myself as a monocultural individual,Spain,Female,Yes,I was raised with my native language only
602b1f27c8f63224f389f192,5ff3aff59f4b9ea23608dc04,APPROVED,2021-02-16 01:26:02.735000,2021-02-16 01:30:44.719000,281.984,19,16,0,100,2021-02-16 14:36:11.305000,7BA7FE99,native language + one other language,Mexico,Mexico,Part-Time,Spanish,DATA EXPIRED,"English, Spanish",No,none,No,I identify myself as a monocultural individual,Mexico,Male,Yes,I was raised with my native language only
602b1f28aa844c249c607369,5d4c687110d5a500019db43e,APPROVED,2021-02-16 01:26:04.227000,2021-02-16 01:30:56.824000,292.597,22,161,2,100,2021-02-16 14:33:38.412000,7BA7FE99,native language + one other language,Mexico,Mexico,Unemployed (and job seeking),,Spanish,"Spanish, English",No,none,No,I identify myself as a monocultural individual,Mexico,Female,No,I was raised with my native language only
602b1f4c65a90424289b5577,5ec0398d9a8ebe4434ab3a93,APPROVED,2021-02-16 01:35:07.845000,2021-02-16 01:47:49.261000,761.416,22,69,0,100,2021-02-16 05:10:20.837000,7BA7FE99,native language + one other language,Chile,Chile,Other,,Spanish,"English, Spanish",No,none,No,I identify myself as a monocultural individual,Chile,Male,Yes,I was raised with my native language only
602b1f6f73446b258c17150a,5f5b232433097f234bc64508,APPROVED,2021-02-16 01:27:17.854000,2021-02-16 01:32:35.428000,317.574,19,18,0,100,2021-02-16 14:27:43.194000,7BA7FE99,native language + one other language,Mexico,Mexico,Unemployed (and job seeking),Spanish,,"English, Spanish",No,none,No,I identify myself as a monocultural individual,Mexico,Female,Yes,I was raised with my native language only
602b1f720c9b4a2588a59ac4,5f4310b391369a1776db2dde,APPROVED,2021-02-16 01:27:14.555000,2021-02-16 01:31:33.533000,258.978,26,70,1,100,2021-02-16 18:14:36.592000,7BA7FE99,native language + one other language,Mexico,Mexico,Unemployed (and job seeking),Spanish,DATA EXPIRED,"Spanish, English",No,none,No,I identify myself as a monocultural individual,Mexico,Male,No,I was raised with my native language only
602b1fc12e34a223e2e12b01,5f67c4cebbb0ab12031ff54b,APPROVED,2021-02-16 01:28:33.083000,2021-02-16 01:34:11.026000,337.943,44,47,0,100,2021-02-16 05:24:59.048000,7BA7FE99,native language + one other language,Argentina,Spain,Other,Spanish,DATA EXPIRED,"Spanish, English",No,none,No,I identify myself as a monocultural individual,Spain,Male,No,I was raised with my native language only
602b1fc55f75b824b69e6c48,5c43c8943526c80001fca34f,APPROVED,2021-02-16 01:28:37.784000,2021-02-16 01:32:46.059000,248.275,27,254,1,100,2021-02-16 18:16:54.493000,7BA7FE99,native language + one other language,Mexico,Mexico,Unemployed (and job seeking),Spanish,Spanish,"English, Spanish",No,none,No,I identify myself as a monocultural individual,Mexico,Male,Yes,I was raised with my native language only
602b1fca73446b25ff04f79a,5f3344917a7a0b159bd0c375,RETURNED,2021-02-16 01:28:47.955000,,60945.199133,23,57,0,100,,,CONSENT REVOKED,CONSENT REVOKED,CONSENT REVOKED,CONSENT REVOKED,CONSENT REVOKED,CONSENT REVOKED,CONSENT REVOKED,CONSENT REVOKED,CONSENT REVOKED,CONSENT REVOKED,CONSENT REVOKED,CONSENT REVOKED,CONSENT REVOKED,CONSENT REVOKED,CONSENT REVOKED
602b1fcc4ae79123a8205661,5eb3a51f58efe718f5cffdb4,APPROVED,2021-02-16 01:28:44.812000,2021-02-16 01:33:10.913000,266.101,28,122,1,100,2021-02-16 18:08:30.662000,7BA7FE99,native language + one other language,Chile,Chile,Unemployed (and job seeking),Spanish,Spanish,"English, Spanish",No,none,No,I identify myself as a monocultural individual,Chile,Male,No,I was raised with my native language only
602b1fdcfc65e022f2c2f09d,5ef4f657f317f11271018bcd,APPROVED,2021-02-16 01:29:00.063000,2021-02-16 01:35:44.818000,404.755,27,70,1,100,2021-02-16 05:19:59.330000,7BA7FE99,none just my native langauge,Mexico,Mexico,Full-Time,,Spanish,Spanish,No,none,No,I identify myself as a monocultural individual,Mexico,Male,No,I was raised with my native language only
602b1fe28e1ead264bc09756,5ec3ac82306f2520d65b086f,APPROVED,2021-02-16 01:29:06.133000,2021-02-16 01:32:51.165000,225.032,28,74,0,100,2021-02-16 18:18:48.252000,7BA7FE99,native language + one other language,Mexico,Mexico,Full-Time,,Spanish,"English, Spanish",No,none,No,I identify myself as a monocultural individual,Mexico,Male,No,I was raised with my native language only
602b1fece3b7ea24a43adc3c,5f51e7c33457c443748e637b,APPROVED,2021-02-16 01:29:16.558000,2021-02-16 01:34:27.312000,310.754,26,53,1,100,2021-02-16 14:30:46.456000,7BA7FE99,native language + one other language,Mexico,Mexico,Part-Time,Spanish,DATA EXPIRED,"English, Spanish",No,none,No,I identify myself as a monocultural individual,Mexico,Male,Yes,I was raised with my native language only
602b20148083d825fec9e686,5f9854b7e9df660fd2636696,APPROVED,2021-02-16 01:29:56.593000,2021-02-16 01:55:44.627000,1548.034,19,52,0,100,2021-02-16 05:06:54.689000,7BA7FE99,native language + one other language,Mexico,Mexico,Unemployed (and job seeking),Spanish,DATA EXPIRED,Spanish,No,none,No,I identify myself as a monocultural individual,Mexico,Male,Yes,I was raised with my native language only
602b202d24ce4c233dfd0f8b,5e902a581baf783237598a3c,APPROVED,2021-02-16 01:30:21.619000,2021-02-16 01:37:16.555000,414.936,36,40,0,100,2021-02-16 05:18:35.451000,7BA7FE99,native language + one other language,Mexico,Mexico,Unemployed (and job seeking),Spanish,Spanish,Spanish,No,none,No,I identify myself as a monocultural individual,Mexico,Female,No,I was raised with my native language only
602b20485e466a2528639419,5d159d0a8078020016aa60b9,APPROVED,2021-02-16 01:40:08.842000,2021-02-16 01:47:33.356000,444.514,25,189,1,100,2021-02-16 05:14:38.053000,7BA7FE99,native language + one other language,Chile,Chile,Part-Time,Spanish,Spanish,"English, Spanish",No,none,No,I identify myself as a monocultural individual,Chile,Male,Yes,I was raised with my native language only
602b208b85fd00221e249843,5f0a79cdff3278354b2016b7,APPROVED,2021-02-16 01:31:55.698000,2021-02-16 01:37:25.203000,329.505,19,51,0,100,2021-02-16 05:26:23.088000,7BA7FE99,native language + one other language,Mexico,Mexico,Other,,Spanish,"English, Spanish",No,none,No,I identify myself as a monocultural individual,Mexico,Male,Yes,I was raised with my native language only
602b2121330619250d2e291b,5f9a0ecbc94a6808a7ade67f,APPROVED,2021-02-16 01:34:25.597000,2021-02-16 01:46:02.088000,696.491,24,40,3,94,2021-02-16 05:11:09.731000,7BA7FE99,native language + one other language,Spain,Spain,Unemployed (and job seeking),Spanish,DATA EXPIRED,"Spanish, Rather not say, English",No,none,No,I identify myself as a monocultural individual,Spain,Male,Yes,I was raised with my native language only
602b21245f6c242621d27dd8,5f57c66f9524b62ca5ba27d4,APPROVED,2021-02-16 01:34:28.314000,2021-02-16 01:39:10.883000,282.569,21,61,0,100,2021-02-16 14:35:26.967000,7BA7FE99,native language + one other language,Chile,Chile,"Not in paid work (e.g. homemaker', 'retired or disabled)",Spanish,DATA EXPIRED,"English, Spanish",No,none,No,I identify myself as a monocultural individual,Chile,Male,Yes,I was raised with my native language only
602b217e64a03425db1228d9,5eead64719f5f9000c21489f,APPROVED,2021-02-16 01:35:58.771000,2021-02-16 01:43:03.314000,424.543,23,4,0,100,2021-02-16 05:15:55.605000,7BA7FE99,native language + one other language,Chile,Chile,Unemployed (and job seeking),Spanish,,"English, Spanish",No,none,No,I identify myself as a monocultural individual,Chile,Female,No,I was raised with my native language only
602b2198977e1124cea451bb,5ec840b8011f373089f7dd80,APPROVED,2021-02-16 01:36:56.237000,2021-02-16 01:41:07.438000,251.201,46,79,0,100,2021-02-16 18:16:29.526000,7BA7FE99,native language + one other language,Mexico,Mexico,Unemployed (and job seeking),,Spanish,Spanish,No,none,No,I identify myself as a monocultural individual,Mexico,Male,No,I was raised with my native language only
602b21fb5e466a24ab83d6d1,5eb79643e837386b41224f11,APPROVED,2021-02-16 01:38:08.989000,2021-02-16 01:44:57.813000,408.824,27,43,2,97,2021-02-16 05:19:37.943000,7BA7FE99,native language + one other language,Chile,,Unemployed (and job seeking),,Spanish,Spanish,No,none,No,I identify myself as a monocultural individual,Chile,Female,Yes,I was raised with my native language only
602b2205c7be4d24f7943524,5f205f6b941a570ef91368a0,APPROVED,2021-02-16 01:38:13.403000,2021-02-16 01:41:50.291000,216.888,25,71,0,100,2021-02-16 18:19:31.333000,7BA7FE99,native language + one other language,Spain,Spain,Full-Time,Spanish,Spanish,"Spanish, English",No,none,No,I identify myself as a monocultural individual,Spain,Female,No,I was raised with my native language only
602b2224af703b25b4c4ef64,5eb8db02ed810484c85ac7e2,RETURNED,2021-02-16 01:38:44.429000,,60349.433085,18,41,0,100,,,CONSENT REVOKED,CONSENT REVOKED,CONSENT REVOKED,CONSENT REVOKED,CONSENT REVOKED,CONSENT REVOKED,CONSENT REVOKED,CONSENT REVOKED,CONSENT REVOKED,CONSENT REVOKED,CONSENT REVOKED,CONSENT REVOKED,CONSENT REVOKED,CONSENT REVOKED,CONSENT REVOKED
602b22457597b024d2e7b426,601857c3c3f5ce0c3e5fb913,APPROVED,2021-02-16 01:39:17.546000,2021-02-16 01:46:33.849000,436.303,22,6,0,100,2021-02-16 05:15:17.756000,7BA7FE99,native language + one other language,Mexico,Mexico,Unemployed (and job seeking),Spanish,,"Spanish, English",No,none,No,I identify myself as a monocultural individual,Mexico,Male,No,I was raised with my native language only
602b22a3543ec5243eb5619f,5f6fc883da3c7115753e42e0,APPROVED,2021-02-16 01:40:51.489000,2021-02-16 01:45:13.249000,261.76,27,25,0,100,2021-02-16 18:13:19.019000,7BA7FE99,native language + one other language,Spain,Spain,Full-Time,Spanish,DATA EXPIRED,"English, Spanish",No,none,No,I identify myself as a monocultural individual,Spain,Male,No,I was raised with my native language only
602b22dc6e51ba24ae823aba,5f5c21d8af246b40932ec609,APPROVED,2021-02-16 01:43:36.309000,2021-02-16 01:46:50.703000,194.394,22,29,0,100,2021-02-16 18:20:24.250000,7BA7FE99,native language + one other language,Spain,Spain,Unemployed (and job seeking),Spanish,DATA EXPIRED,"Spanish, English",No,none,No,I identify myself as a monocultural individual,Spain,Male,Yes,I was raised with my native language only
602b22f5e7fec0268fb33554,5f08f3e3ff3278174e40069b,APPROVED,2021-02-16 01:42:57.393000,2021-02-16 01:47:40.643000,283.25,22,51,1,100,2021-02-16 14:35:07.241000,7BA7FE99,native language + one other language,Mexico,Mexico,Other,,Spanish,"English, Spanish",No,none,No,I identify myself as a monocultural individual,Mexico,Male,Yes,I was raised with my native language only
602b230f2b8e8823b10fd328,5ffbf64af393a711815a2ede,APPROVED,2021-02-16 01:44:32.802000,2021-02-16 01:50:12.315000,339.513,23,16,0,100,2021-02-16 05:24:37.317000,7BA7FE99,none just my native langauge,Chile,Chile,Part-Time,Spanish,,Spanish,No,none,No,I identify myself as a monocultural individual,Chile,Male,Yes,I was raised with my native language only
602b2336a11bc824ca5ebbad,5f3b1f2078bf3c22f24a262c,AWAITING REVIEW,2021-02-16 01:43:18.483000,2021-02-16 01:50:13.975000,415.492,32,89,0,100,,7BA7FE99,native language + one other language,Chile,Chile,Full-Time,Spanish,DATA EXPIRED,"English, Spanish",No,none,No,I identify myself as a monocultural individual,Chile,Male,No,I was raised with my native language only
602b23432e76d0252ba129a9,5f22e7ae938d2d018633624a,APPROVED,2021-02-16 01:43:30.938000,2021-02-16 01:50:47.653000,436.715,27,76,1,100,2021-02-16 05:14:57.944000,7BA7FE99,native language + one other language,Spain,Spain,Unemployed (and job seeking),,Spanish,Spanish,No,none,No,I identify myself as a monocultural individual,Spain,Male,No,I was raised with my native language only
602b235c4634b2263c3f9861,5ef7d6d644e04e51f7340636,APPROVED,2021-02-16 01:44:10.811000,2021-02-16 01:47:46.464000,215.653,26,77,0,100,2021-02-16 18:19:52.818000,7BA7FE99,native language + one other language,Chile,Chile,Other,,Spanish,"English, Spanish",No,none,No,I identify myself as a monocultural individual,Chile,Male,Yes,I was raised with my native language only
602b23760a10ab2522eab7b7,5f8b2b66589aeb222f9baa90,APPROVED,2021-02-16 01:44:25.333000,2021-02-16 01:56:57.508000,752.175,23,37,0,100,2021-02-16 05:10:42.311000,7BA7FE99,native language + one other language,Mexico,Mexico,Full-Time,Spanish,DATA EXPIRED,"English, Spanish",No,none,No,I identify myself as a monocultural individual,Mexico,Male,No,I was raised with my native language only
602b23b2478730261c157e99,5f06e85cf4e25a023d92fcc3,APPROVED,2021-02-16 01:45:22.467000,2021-02-16 01:50:21.620000,299.153,24,96,0,100,2021-02-16 14:32:14.211000,7BA7FE99,native language + one other language,Chile,Chile,Full-Time,Spanish,Spanish,"Spanish, English",No,none,No,I identify myself as a monocultural individual,Chile,Male,Yes,I was raised with my native language only
602b2460c44c7f2707e647e5,5f2e35a740ade019596ebacd,APPROVED,2021-02-16 01:48:16.367000,2021-02-16 01:53:59.085000,342.718,23,4,0,100,2021-02-16 05:24:14.476000,7BA7FE99,none just my native langauge,Mexico,Mexico,Other,Spanish,,Spanish,No,none,No,I identify myself as a monocultural individual,Mexico,Female,Yes,I was raised with my native language only
602b247c612bfe253e493246,5d40bb74ddc382001c5e4664,APPROVED,2021-02-16 01:48:47.629000,2021-02-16 01:53:30.988000,283.359,21,26,0,100,2021-02-16 14:34:46.097000,7BA7FE99,native language + one other language,Mexico,Mexico,Unemployed (and job seeking),,Spanish,"Spanish, English",No,none,No,I identify myself as a monocultural individual,Mexico,Male,Yes,I was raised with my native language only
602b248924ce4c24a61f003c,5f7a155c6c029a66173d02b8,APPROVED,2021-02-16 01:49:12.617000,2021-02-16 01:57:01.376000,468.759,36,37,0,100,2021-02-16 05:14:13.050000,7BA7FE99,native language + one other language,Mexico,Mexico,Full-Time,Spanish,DATA EXPIRED,"English, Spanish",No,none,No,I identify myself as a monocultural individual,Mexico,Female,No,I was raised with my native language only
602b24d42e76d0252ba129ac,5fa3356ef2ec2d4d3e52c988,APPROVED,2021-02-16 01:50:21.499000,2021-02-16 01:54:51.545000,270.046,21,31,1,99,2021-02-16 14:53:43.408000,7BA7FE99,native language + one other language,Chile,Chile,Other,Spanish,DATA EXPIRED,"English, Spanish",No,none,No,I identify myself as a monocultural individual,Chile,Male,Yes,I was raised with my native language only
602b2593b1239024f68bb62b,5aa6502835237b00011305e5,RETURNED,2021-02-16 01:53:23.954000,,59470.600591,36,37,0,100,,,CONSENT REVOKED,CONSENT REVOKED,CONSENT REVOKED,CONSENT REVOKED,CONSENT REVOKED,CONSENT REVOKED,CONSENT REVOKED,CONSENT REVOKED,CONSENT REVOKED,CONSENT REVOKED,CONSENT REVOKED,CONSENT REVOKED,CONSENT REVOKED,CONSENT REVOKED,CONSENT REVOKED
602b263aaa64bc264ba68cfb,5f03f4271eb1e561e89abd87,APPROVED,2021-02-16 01:56:10.885000,2021-02-16 02:01:22.847000,311.962,21,70,1,100,2021-02-16 14:29:21.651000,7BA7FE99,native language + one other language,Mexico,Mexico,Other,,Spanish,"English, Spanish",No,none,No,I identify myself as a monocultural individual,Mexico,Female,Yes,I was raised with my native language only
602b264dc4118f26914d6bb3,5edf2458316c241cbdf7abf5,APPROVED,2021-02-16 01:56:29.778000,2021-02-16 02:00:47.047000,257.269,22,60,0,100,2021-02-16 18:14:58.198000,7BA7FE99,none just my native langauge,Chile,Chile,Other,,Spanish,Spanish,No,none,No,I identify myself as a monocultural individual,Chile,Male,Yes,I was raised with my native language only
602b26880a29c424d3396c7e,5f494676e0837811e94a4007,APPROVED,2021-02-16 01:57:28.033000,2021-02-16 02:27:47.866000,1819.833,25,69,0,100,2021-02-16 05:06:03.884000,7BA7FE99,native language + one other language,Chile,Chile,Unemployed (and job seeking),Spanish,DATA EXPIRED,"English, Spanish",No,none,No,I identify myself as a monocultural individual,Chile,Male,Yes,I was raised with my native language only
602b26ac5f6c2425adcfc1ca,5f1b768bba959b371da3e65f,RETURNED,2021-02-16 01:58:04.617000,,59190.112574,21,58,0,100,,,CONSENT REVOKED,CONSENT REVOKED,CONSENT REVOKED,CONSENT REVOKED,CONSENT REVOKED,CONSENT REVOKED,CONSENT REVOKED,CONSENT REVOKED,CONSENT REVOKED,CONSENT REVOKED,CONSENT REVOKED,CONSENT REVOKED,CONSENT REVOKED,CONSENT REVOKED,CONSENT REVOKED
602b2730a11bc824070be66c,5b90593873103d0001078b55,APPROVED,2021-02-16 02:00:16.214000,2021-02-16 02:06:42.431000,386.217,22,227,2,98,2021-02-16 05:20:49.240000,7BA7FE99,native language + one other language,Mexico,Mexico,Unemployed (and job seeking),Spanish,Spanish,"Spanish, English",No,none,No,I identify myself as a monocultural individual,Mexico,Male,Yes,I was raised with my native language only
602b27cae527c324b4d6019e,5e9569e57ca863415e6359bc,APPROVED,2021-02-16 02:12:34.481000,2021-02-16 02:18:11.186000,336.705,20,59,1,100,2021-02-16 05:25:23.886000,7BA7FE99,native language + one other language,Mexico,Mexico,Due to start a new job within the next month,Spanish,DATA EXPIRED,"Spanish, English",No,none,No,I identify myself as a monocultural individual,Mexico,Male,Yes,I was raised with my native language only
602b295f5bdba424b332ebe6,5ea3b4df5d02233529fce18e,APPROVED,2021-02-16 02:09:35.748000,2021-02-16 02:15:46.437000,370.689,23,121,3,97,2021-02-16 05:22:19.726000,7BA7FE99,native language + one other language,Chile,Chile,Other,Spanish,Spanish,"English, Spanish",No,none,No,I identify myself as a monocultural individual,Chile,Male,Yes,I was raised with my native language only
602b29716e51ba2522ff6720,5e9ea6a98b2cf3268fb89756,APPROVED,2021-02-16 02:09:53.781000,2021-02-16 02:14:31.350000,277.569,26,27,1,94,2021-02-16 14:51:45.811000,7BA7FE99,native language + one other language,Chile,Chile,Part-Time,,Spanish,Spanish,No,none,No,I identify myself as a monocultural individual,Chile,Male,No,I was raised with my native language only
602b297f31de9224d2708375,5f31a4398432b8094e07777c,APPROVED,2021-02-16 02:10:16.608000,2021-02-16 02:16:08.074000,351.466,25,24,0,100,2021-02-16 05:23:14.916000,7BA7FE99,native language + one other language,Mexico,Mexico,Full-Time,Spanish,DATA EXPIRED,"English, Spanish",No,none,No,I identify myself as a monocultural individual,Mexico,Male,No,I was raised with my native language only
602b2a2d2d682d257333d23e,5fff81cad30d320e706d5244,APPROVED,2021-02-16 02:13:05.226000,2021-02-16 02:24:25.817000,680.591,18,13,0,100,2021-02-16 05:11:41.042000,7BA7FE99,native language + one other language,Mexico,Mexico,"Not in paid work (e.g. homemaker', 'retired or disabled)",Spanish,DATA EXPIRED,"English, Spanish",No,none,No,I identify myself as a monocultural individual,Mexico,Male,Yes,I was raised with my native language only
602b2bb5b88b07269953ee03,5d6b27a296bbe3001a2feb94,APPROVED,2021-02-16 02:21:41.499000,2021-02-16 02:28:42.560000,421.061,22,123,0,100,2021-02-16 05:16:17.477000,7BA7FE99,native language + one other language,Chile,Chile,Full-Time,,Spanish,"Spanish, English",No,none,No,I identify myself as a monocultural individual,Chile,Female,Yes,I was raised with my native language only
602b2bb7e527c32704fb0482,5f120bfe1a1a2c120f3dd9f3,APPROVED,2021-02-16 02:24:49.373000,2021-02-16 02:45:31.593000,1242.22,21,58,0,100,2021-02-16 05:07:47.937000,7BA7FE99,native language + one other language,Mexico,Mexico,Other,,Spanish,Spanish,No,none,No,I identify myself as a monocultural individual,Mexico,Male,Yes,I was raised with my native language only
602b2c01d8abe62615eabf58,5d4cc624ae079c0019f544b6,APPROVED,2021-02-16 02:20:53.794000,2021-02-16 02:27:37.685000,403.891,20,97,2,97,2021-02-16 05:20:19.972000,7BA7FE99,native language + one other language,Mexico,Mexico,Other,Spanish,Spanish,"English, Spanish",No,none,No,I identify myself as a monocultural individual,Mexico,Female,Yes,I was raised with my native language only
602b2cbe3b8daf25a1c171ae,5f31de301a469e11624f7948,APPROVED,2021-02-16 02:30:23.257000,2021-02-16 02:37:11.565000,408.308,21,60,0,100,2021-02-16 05:19:03.370000,7BA7FE99,native language + one other language,Mexico,Mexico,"Not in paid work (e.g. homemaker', 'retired or disabled)",Spanish,DATA EXPIRED,"Spanish, English",No,none,No,I identify myself as a monocultural individual,Mexico,Male,Yes,I was raised with my native language only
602b2d5ec8c7422707adab5a,5edeef385ae5f81a082be62a,APPROVED,2021-02-16 02:26:38.409000,2021-02-16 02:30:57.461000,259.052,27,98,1,99,2021-02-16 18:14:10.547000,7BA7FE99,native language + one other language,Mexico,Mexico,Full-Time,Spanish,Spanish,"Spanish, English",No,none,No,I identify myself as a monocultural individual,Mexico,Female,Yes,I was raised with my native language only
602b2dac2e76d02690e0c63f,5f32ee59a7b4fb0ae6a367cd,APPROVED,2021-02-16 02:27:56.706000,2021-02-16 02:52:46.057000,1489.351,20,66,0,100,2021-02-16 05:07:25.301000,7BA7FE99,native language + one other language,Mexico,Mexico,Unemployed (and job seeking),Spanish,DATA EXPIRED,Spanish,No,none,No,I identify myself as a monocultural individual,Mexico,Female,Yes,I was raised with my native language only
602b2e729c4b0525f5ca2545,5f9754d58d86ac10c2068b90,APPROVED,2021-02-16 02:31:23.035000,2021-02-16 02:35:48.171000,265.136,27,10,0,100,2021-02-16 18:08:57.157000,7BA7FE99,native language + one other language,Mexico,Mexico,Unemployed (and job seeking),Spanish,,"English, Spanish",No,none,No,I identify myself as a monocultural individual,Mexico,Female,Yes,I was raised with my native language only
602b2eea19eacc2519063cd1,5f2f21bfaec57c310d681e46,APPROVED,2021-02-16 02:33:27.675000,2021-02-16 02:38:01.432000,273.757,20,27,0,100,2021-02-16 14:52:49.855000,7BA7FE99,native language + one other language,Mexico,Mexico,"Not in paid work (e.g. homemaker', 'retired or disabled)",Spanish,DATA EXPIRED,"English, Spanish",No,none,No,I identify myself as a monocultural individual,Mexico,Female,Yes,I was raised with my native language only
602b2f27c29fb124267f134e,5ea6572b086c724ee6eb019a,RETURNED,2021-02-16 02:34:15.453000,2021-02-16 02:35:42.295000,86.842,21,70,1,100,,NOCODE,CONSENT REVOKED,CONSENT REVOKED,CONSENT REVOKED,CONSENT REVOKED,CONSENT REVOKED,CONSENT REVOKED,CONSENT REVOKED,CONSENT REVOKED,CONSENT REVOKED,CONSENT REVOKED,CONSENT REVOKED,CONSENT REVOKED,CONSENT REVOKED,CONSENT REVOKED,CONSENT REVOKED
602b30be9070c1252bf6219a,5fbbe3b8b1dfb90009f86dfa,RETURNED,2021-02-16 02:41:09.662000,,56605.89496,19,7,0,100,,,CONSENT REVOKED,CONSENT REVOKED,CONSENT REVOKED,CONSENT REVOKED,CONSENT REVOKED,CONSENT REVOKED,CONSENT REVOKED,CONSENT REVOKED,CONSENT REVOKED,CONSENT REVOKED,CONSENT REVOKED,CONSENT REVOKED,CONSENT REVOKED,CONSENT REVOKED,CONSENT REVOKED
602b319924ce4c251b35a12a,5e830b929f2ed2018ec42099,APPROVED,2021-02-16 02:44:41.710000,2021-02-16 03:00:01.958000,920.248,31,84,1,100,2021-02-16 05:09:47.069000,7BA7FE99,native language + one other language,Mexico,Mexico,Full-Time,,Spanish,Spanish,No,none,No,I identify myself as a monocultural individual,Mexico,Female,No,I was raised with my native language only
602b3247f7d393259a29ad22,5fdeba2d6395d9697ecb5858,APPROVED,2021-02-16 02:47:40.759000,2021-02-16 02:51:44.903000,244.144,21,9,0,100,2021-02-16 18:17:14.823000,7BA7FE99,native language + one other language,Spain,Spain,Unemployed (and job seeking),Spanish,,"Spanish, English",No,none,No,I identify myself as a monocultural individual,Spain,Male,Yes,I was raised with my native language only
602b3375e527c326163af183,5e5c993cd0394c474f7cc502,APPROVED,2021-02-16 02:54:46.466000,2021-02-16 03:00:04.977000,318.511,24,184,1,100,2021-02-16 14:26:54.876000,7BA7FE99,native language + one other language,Mexico,Mexico,Part-Time,Spanish,Spanish,"Spanish, English",No,none,No,I identify myself as a monocultural individual,Mexico,Male,Yes,I was raised with my native language only
602b34266de00f2728934e70,5fa0984409841c1167fc06c5,APPROVED,2021-02-16 02:55:34.420000,2021-02-16 03:00:50.124000,315.704,22,24,1,100,2021-02-16 14:28:03.164000,7BA7FE99,native language + one other language,Mexico,Mexico,Other,Spanish,DATA EXPIRED,"Spanish, English",No,none,No,I identify myself as a monocultural individual,Mexico,Female,Yes,I was raised with my native language only
602b38016b7983172505e114,5f05133545937e80340e1b08,APPROVED,2021-02-16 03:14:01.043000,2021-02-16 03:18:15.946000,254.903,35,70,0,100,2021-02-16 18:15:47.652000,7BA7FE99,native language + one other language,Mexico,Mexico,Unemployed (and job seeking),,Spanish,"English, Spanish",No,none,No,I identify myself as a monocultural individual,Mexico,Female,No,I was raised with my native language only
602b380b0ba9442607289ce8,5ffe3a049e068d47c8a06a6d,TIMED-OUT,2021-02-16 03:18:17.311000,,54378.470448,52,5,0,100,,,native language + one other language,Mexico,,Full-Time,Spanish,,"English, Spanish",No,none,No,I identify myself as a monocultural individual,Mexico,Male,No,I was raised with my native language only
602b3842cfb313271d7ece97,5efcbbdd231bde0af2edb847,REJECTED,2021-02-16 03:14:42.784000,2021-02-16 03:19:07.460000,264.676,28,24,3,93,2021-02-16 18:11:32.453000,7BA7FE99,none just my native langauge,Mexico,Mexico,Unemployed (and job seeking),,Spanish,Spanish,No,none,No,I identify myself as a monocultural individual,Mexico,Female,No,I was raised with my native language only
602b38c75e466a27ecf35c79,5ef666d9b86de535f6282abe,APPROVED,2021-02-16 03:16:42.011000,2021-02-16 03:24:38.652000,476.641,24,69,0,100,2021-02-16 05:13:46.844000,7BA7FE99,native language + one other language,Chile,Chile,DATA EXPIRED,,Spanish,"Spanish, English",No,none,No,I identify myself as a monocultural individual,Chile,Male,Yes,I was raised with my native language only
602b395ed0550526b7d50ffd,5e8ea704815afd16671d19e7,AWAITING REVIEW,2021-02-16 03:17:50.568000,2021-02-16 03:23:56.591000,366.023,24,28,0,100,,NOCODE,native language + one other language,Mexico,Mexico,"Not in paid work (e.g. homemaker', 'retired or disabled)",Spanish,DATA EXPIRED,"Spanish, English",No,none,No,I identify myself as a monocultural individual,Mexico,Male,Yes,I was raised with my native language only
602b3961aa64bc28afde23a5,5cf5fe247ce340001ac0bdd8,APPROVED,2021-02-16 03:17:53.738000,2021-02-16 03:22:32.001000,278.263,26,208,1,100,2021-02-16 14:50:50.031000,7BA7FE99,native language + one other language,Mexico,Mexico,Part-Time,,Spanish,"English, Spanish",No,none,No,I identify myself as a monocultural individual,Mexico,Male,Yes,I was raised with my native language only
602b3b69b9bd92273cf04995,5f1cdbaab6464a599f2bba6a,APPROVED,2021-02-16 03:26:37.672000,2021-02-16 04:11:16.457000,2678.785,53,44,0,100,2021-02-16 05:05:39.196000,7BA7FE99,native language + one other language,Mexico,Mexico,Part-Time,,Spanish,"English, Spanish",No,none,No,I identify myself as a monocultural individual,Mexico,Male,No,I was raised with my native language only
602b3c4876d5ee25b334bec6,5f6265b707ccb62ae21f22a2,APPROVED,2021-02-16 03:30:16.060000,2021-02-16 03:34:39.404000,263.344,26,61,0,100,2021-02-16 18:12:23.585000,7BA7FE99,native language + one other language,Mexico,Mexico,Other,Spanish,DATA EXPIRED,"English, Spanish",No,none,No,I identify myself as a monocultural individual,Mexico,Male,Yes,I was raised with my native language only
602b3f1376899d2875daa1e0,5be076d44579d00001ad7bbf,TIMED-OUT,2021-02-16 03:42:17.650000,,52938.441116,22,74,2,97,,,native language + one other language,Mexico,Mexico,Part-Time,,Spanish,"Spanish, English",No,none,No,I identify myself as a monocultural individual,Mexico,Female,Yes,I was raised with my native language only
602b40d79070c126381cbf64,5efb6e6f2730140ce8e7260c,APPROVED,2021-02-16 03:50:13.411000,2021-02-16 03:54:12.059000,238.648,31,14,0,100,2021-02-16 18:17:55.577000,7BA7FE99,native language + one other language,Chile,Chile,Full-Time,Spanish,Spanish,Spanish,No,none,No,I identify myself as a monocultural individual,Chile,Female,No,I was raised with my native language only
602b430e31de9226ca05abb0,5e84fe873e0ebd0d3b103df2,APPROVED,2021-02-16 03:59:10.360000,2021-02-16 04:25:42.437000,1592.077,27,67,1,100,2021-02-16 05:06:28.889000,7BA7FE99,native language + one other language,Chile,Chile,Unemployed (and job seeking),,Spanish,"English, Spanish",No,none,No,I identify myself as a monocultural individual,Chile,Male,No,I was raised with my native language only
602b44accfca8a272615a112,5f9f2149fd257e5401063293,APPROVED,2021-02-16 04:06:32.528000,2021-02-16 04:10:35.387000,242.859,21,40,0,100,2021-02-16 18:17:35.860000,7BA7FE99,none just my native langauge,Mexico,Mexico,Unemployed (and job seeking),Spanish,DATA EXPIRED,"Spanish, English",No,none,No,I identify myself as a monocultural individual,Mexico,Male,Yes,I was raised with my native language only
602b467e986f7528b0551dad,5f3016ae45eb230b9c9e66c6,RETURNED,2021-02-16 04:14:49.762000,,50986.552359,23,51,0,100,,,CONSENT REVOKED,CONSENT REVOKED,CONSENT REVOKED,CONSENT REVOKED,CONSENT REVOKED,CONSENT REVOKED,CONSENT REVOKED,CONSENT REVOKED,CONSENT REVOKED,CONSENT REVOKED,CONSENT REVOKED,CONSENT REVOKED,CONSENT REVOKED,CONSENT REVOKED,CONSENT REVOKED
602b472baa844c2860e618a0,5fbb46ab3109908f63f6f95b,AWAITING REVIEW,2021-02-16 04:16:43.811000,2021-02-16 04:21:49.507000,305.696,33,1,0,100,,7BA7FE99,native language + one other language,Chile,Chile,Part-Time,Spanish,,"Spanish, English",No,none,No,I identify myself as a monocultural individual,Chile,Male,No,I was raised with my native language only
602b4732977e1127b30a8495,5f40c462ff2ee620d5bc5acd,APPROVED,2021-02-16 04:17:19.014000,2021-02-16 04:22:30.749000,311.735,28,38,1,98,2021-02-16 14:29:03.882000,7BA7FE99,native language + one other language,Mexico,Mexico,Full-Time,Spanish,DATA EXPIRED,"English, Spanish",No,none,No,I identify myself as a monocultural individual,Mexico,Male,No,I was raised with my native language only
602b591dba730d266ceecefc,5efc0a523b88f81bec18ea9b,APPROVED,2021-02-16 05:33:17.435000,2021-02-16 05:38:15.236000,297.801,20,74,1,100,2021-02-16 14:33:17.545000,7BA7FE99,none just my native langauge,Mexico,Mexico,Unemployed (and job seeking),,Spanish,"Spanish, English, French",No,none,No,I identify myself as a monocultural individual,Mexico,Male,Yes,I was raised with my native language only
602b5dbd76899d28f5b8ecc7,5e6820e78d3ebc000e8bd5bc,APPROVED,2021-02-16 05:53:17.467000,2021-02-16 05:57:59.345000,281.878,19,4,1,94,2021-02-16 14:35:45.888000,7BA7FE99,native language + one other language,Mexico,Mexico,Unemployed (and job seeking),,Spanish,"English, Spanish",No,none,No,I identify myself as a monocultural individual,Mexico,Female,Yes,I was raised with my native language only
602b5de9cfb31329f52a85bf,5eb7d40de586f07198f3a8c0,AWAITING REVIEW,2021-02-16 05:53:45.130000,2021-02-16 06:03:47.467000,602.337,47,38,2,97,,7BA7FE99,none just my native langauge,Spain,Spain,Full-Time,,Spanish,"Spanish, Portuguese",No,none,No,I identify myself as a monocultural individual,Spain,Female,No,I was raised with my native language only
602b5e2b5f75b82937aa838e,5f738cb6bc6db10deaef1b14,RETURNED,2021-02-16 05:54:51.631000,,44984.964323,33,45,1,100,,,CONSENT REVOKED,CONSENT REVOKED,CONSENT REVOKED,CONSENT REVOKED,CONSENT REVOKED,CONSENT REVOKED,CONSENT REVOKED,CONSENT REVOKED,CONSENT REVOKED,CONSENT REVOKED,CONSENT REVOKED,CONSENT REVOKED,CONSENT REVOKED,CONSENT REVOKED,CONSENT REVOKED
602b60c9b88b072b46bd9a42,5f4539491d5a4f0ce250990a,APPROVED,2021-02-16 06:06:06.131000,2021-02-16 06:10:34.937000,268.806,29,23,0,100,2021-02-16 14:57:55.343000,7BA7FE99,native language + one other language,Mexico,Mexico,Part-Time,Spanish,DATA EXPIRED,"English, Spanish",No,none,No,I identify myself as a monocultural individual,Mexico,Female,Yes,I was raised with my native language only
602b60d084781f2a9f5d64ba,5ed4e007cb34a10121e14bf1,APPROVED,2021-02-16 06:06:21.862000,2021-02-16 06:11:40.293000,318.431,31,117,1,100,2021-02-16 14:26:35.255000,7BA7FE99,native language + one other language,Spain,Spain,Full-Time,Spanish,Spanish,"Catalan, English, Spanish",No,none,No,I identify myself as a monocultural individual,Spain,Female,No,I was raised with my native language only
602b641e3ecd7d2aea49509f,5f3a2379e30eac5e70106aa9,APPROVED,2021-02-16 06:20:28.103000,2021-02-16 06:24:40.020000,251.917,19,54,0,100,2021-02-16 18:16:06.758000,7BA7FE99,native language + one other language,Spain,Spain,Other,Spanish,DATA EXPIRED,"Spanish, English",No,none,No,I identify myself as a monocultural individual,Spain,Male,Yes,I was raised with my native language only
602b68650c9b4a2ab36e0c93,5f232821cead040009f2fbc3,APPROVED,2021-02-16 06:43:11.225000,2021-02-16 06:48:02.156000,290.931,27,89,1,100,2021-02-16 14:33:56.446000,7BA7FE99,native language + one other language,Spain,Spain,Full-Time,Spanish,Spanish,"English, Spanish",No,none,No,I identify myself as a monocultural individual,Spain,Male,No,I was raised with my native language only
602b698b338e8e2b17db8f83,5ee371a168a09104dc317158,AWAITING REVIEW,2021-02-16 06:50:51.388000,2021-02-16 06:56:36.839000,345.451,26,87,1,100,,7BA7FE99,native language + one other language,Mexico,Mexico,Unemployed (and job seeking),Spanish,Spanish,"English, Spanish",No,none,No,I identify myself as a monocultural individual,Mexico,Male,Yes,I was raised with my native language only
602b6a830a10ab2b39faac85,5fd41bf508717e1833d8aed7,AWAITING REVIEW,2021-02-16 06:47:47.206000,2021-02-16 06:57:08.139000,560.933,26,17,0,100,,7BA7FE99,native language + one other language,Mexico,Mexico,Unemployed (and job seeking),Spanish,DATA EXPIRED,"English, Spanish",No,none,No,I identify myself as a monocultural individual,Mexico,Male,Yes,I was raised with my native language only
602b6e14cc465129733360ed,601948b0dc1e1f01728fda05,APPROVED,2021-02-16 07:02:44.774000,2021-02-16 07:08:12.839000,328.065,44,6,0,100,2021-02-16 14:26:15.904000,7BA7FE99,none just my native langauge,Spain,Spain,Full-Time,Spanish,,Spanish,No,none,No,I identify myself as a monocultural individual,Spain,Female,No,I was raised with my native language only
602b6ea7654dbd2b6f3ee0c3,5d7c7425c0d7db00187b1199,APPROVED,2021-02-16 07:05:24.940000,2021-02-16 07:09:16.254000,231.314,40,217,1,100,2021-02-16 18:18:25.949000,7BA7FE99,native language + one other language,Spain,Spain,DATA EXPIRED,,Spanish,"Spanish, English",No,none,No,I identify myself as a monocultural individual,Spain,Female,No,I was raised with my native language only
602b70ac2e76d02acda5878d,5fc969f987502e4730d7efd3,TIMED-OUT,2021-02-16 07:14:06.989000,,40229.911565,22,14,0,100,,,native language + one other language,Mexico,Mexico,Due to start a new job within the next month,Spanish,DATA EXPIRED,"English, Spanish",No,none,No,I identify myself as a monocultural individual,Mexico,Male,No,I was raised with my native language only
602b70c8a5c8a32a56474562,5fa46b862e5f2d0d707a651c,APPROVED,2021-02-16 07:14:57.867000,2021-02-16 07:19:20.068000,262.201,22,18,0,100,2021-02-16 18:12:43.541000,7BA7FE99,native language + one other language,Mexico,Mexico,Unemployed (and job seeking),Spanish,DATA EXPIRED,"English, Spanish",No,none,No,I identify myself as a monocultural individual,Mexico,Male,No,I was raised with my native language only
602b71e9bc57722a7ee8382a,5e77ac2d37b0d43226d1e22a,AWAITING REVIEW,2021-02-16 07:19:17.950000,2021-02-16 07:27:54.705000,516.755,41,88,3,97,,7BA7FE99,native language + one other language,Spain,Spain,Full-Time,,Spanish,Spanish,No,none,No,I identify myself as a monocultural individual,Spain,Male,No,I was raised with my native language only
602b791ea5c8a329e33f7b93,5c590c5ea3ad9d00014de9c3,APPROVED,2021-02-16 07:49:54.156000,2021-02-16 07:55:06.232000,312.076,22,46,1,100,2021-02-16 14:28:40.257000,7BA7FE99,native language + one other language,Mexico,Spain,Part-Time,,Spanish,"Spanish, English",No,none,No,I identify myself as a monocultural individual,Mexico,Male,Yes,I was raised with my native language only
