file,f0,duration,label,group,color,number,cutoff,f11,f21,f31,f12,f22,f32,f13,f23,f33,f14,f24,f34,f15,f25,f35
andalusian_match_declarative-broad-focus_Ana-lleva-el-abrigo,201.5,1.296,*,1,Blue,1,5750,985,1667,2879,509,1818,2720,561,1656,2747,428,1791,2857,561,1704,2763
andalusian_match_declarative-broad-focus_Daniel-iba-a-Bolivia,192.4,1.41,*,1,Green,2,5900,818,2154,3019,534,2017,2966,468,2423,2977,498,1202,2800,352,2186,2830
andalusian_match_declarative-broad-focus_David-leia-el-libro,198,1.378,*,1,Magenta,3,6200,642,1936,2899,413,2488,3024,444,2501,3081,361,2094,2887,684,1882,2904
andalusian_match_declarative-broad-focus_Emilio-ama-la-marcha,222.1,1.216,*,1,Black,4,4700,423,1748,2627,562,1272,2489,516,1116,1720,582,1229,1830,879,1786,2561
andalusian_match_declarative-broad-focus_Manuela-vende-el-carro,193.4,1.194,*,1,Lime,5,5900,768,1696,2758,561,1716,2727,522,1931,2748,494,1905,2786,903,1698,2511
andalusian_match_declarative-broad-focus_Maria-bebe-el-vino,181.8,1.056,*,1,Purple,6,6050,746,1783,2813,538,1874,2803,444,2017,2787,340,2247,2797,312,1627,2840
andalusian_match_declarative-broad-focus_Mariano-habla-del-tiempo,197.2,1.522,*,1,Teal,7,4700,597,1442,2133,508,1194,1970,661,1174,1864,407,1748,2521,465,1391,2499
andalusian_match_declarative-broad-focus_Marta-abre-el-regalo,197.1,1.338,*,1,Navy,8,5900,766,1590,2711,794,1651,2552,505,1482,2668,540,1643,2474,437,1549,2641
andalusian_match_declarative-narrow-focus_Ana-lleva-el-abrigo,176.2,1.236,*,1,Pink,9,6050,843,1952,2943,711,2011,3108,521,1671,2640,410,2149,2853,907,2156,3180
andalusian_match_declarative-narrow-focus_Daniel-iba-a-Bolivia,189.7,1.26,*,1,Maroon,10,7550,1208,2552,3581,479,2188,2951,550,1329,2802,391,2511,2807,695,2320,3336
andalusian_match_declarative-narrow-focus_David-leia-el-libro,174.5,1.398,*,1,Olive,11,6200,731,2167,2943,422,2460,2922,437,2665,2941,352,1601,2651,746,2397,3168
andalusian_match_declarative-narrow-focus_Emilio-ama-la-marcha,189.4,1.424,*,1,Grey,12,6050,799,2369,2986,355,2320,2918,878,1609,2738,735,1530,2511,1010,1968,3146
andalusian_match_declarative-narrow-focus_Manuela-vende-el-carro,193,1.398,*,1,Red,13,4700,426,1425,2199,556,1184,1787,451,1412,2166,583,1289,2062,461,1466,2467
andalusian_match_declarative-narrow-focus_Maria-bebe-el-vino,179.6,1.292,*,1,Blue,14,5750,936,2171,2904,516,1867,2744,483,1921,2706,345,1826,2830,668,2379,2980
andalusian_match_declarative-narrow-focus_Mariano-habla-del-tiempo,187.8,1.586,*,1,Green,15,5750,679,1944,2837,655,1687,2596,641,1615,2643,370,1774,2728,619,1661,2672
andalusian_match_declarative-narrow-focus_Marta-abre-el-regalo,194.2,1.398,*,1,Magenta,16,5900,903,2012,2834,830,1707,2729,464,1737,2607,520,1593,2515,415,1856,2684
andalusian_match_interrogative-partial-wh_Cuando-bebia-el-vino,191.8,1.218,*,1,Black,17,6800,692,1615,2807,470,1548,2845,444,2008,2867,355,2383,3101,990,2476,3534
andalusian_match_interrogative-partial-wh_Cuando-leia-el-libro,193.2,1.262,*,1,Lime,18,5600,619,1350,2696,466,1733,2864,470,2494,2918,390,1752,2750,457,1459,2587
andalusian_match_interrogative-partial-wh_Cuando-lleva-el-abrigo,190.1,1.154,*,1,Purple,19,5900,802,1615,2912,395,1840,2907,536,1710,2634,403,2266,2938,507,1243,2672
andalusian_match_interrogative-partial-wh_Cuando-vendia-el-carro,196.7,1.248,*,1,Teal,20,5600,601,1383,2702,468,1590,2815,438,2086,2850,855,1634,2512,501,1148,2409
andalusian_match_interrogative-partial-wh_Por-que-abre-el-regalo,232.9,1.154,*,1,Navy,21,5600,443,1324,2612,588,1528,2487,438,1645,2590,744,1675,2639,434,1428,2668
andalusian_match_interrogative-partial-wh_Por-que-ama-la-navidad,174.2,1.276,*,1,Pink,22,6050,494,1529,2868,707,1948,2674,668,1576,2763,454,1855,2840,822,1651,2764
andalusian_match_interrogative-partial-wh_Por-que-hablaba-del-agua,225.4,1.222,*,1,Maroon,23,6200,454,1461,2703,626,1646,2630,657,1387,2872,535,1156,2342,730,1181,2618
andalusian_match_interrogative-partial-wh_Por-que-iba-a-Bolivia,196.8,1.182,*,1,Olive,24,5600,458,1400,2612,400,1943,2685,484,1299,2560,379,2452,2919,681,1679,2553
andalusian_match_interrogative-total-yn_Ana-lleva-el-abrigo,208.5,1.168,*,1,Grey,25,5900,1034,1784,2763,459,1789,2889,535,1647,2585,387,2142,2905,487,1097,2764
andalusian_match_interrogative-total-yn_Daniel-iba-a-Bolivia,202.8,1.29,*,1,Red,26,6200,418,2041,3031,509,2161,2935,445,1326,2737,343,2417,2882,718,1813,3093
andalusian_match_interrogative-total-yn_David-leia-el-libro,191.3,1.196,*,1,Blue,27,6200,504,1712,2814,389,2195,2872,452,2613,3103,351,2299,2866,456,1409,2699
andalusian_match_interrogative-total-yn_Emilio-ama-la-marcha,216,1.33,*,1,Green,28,5750,478,2066,2863,359,2070,2869,737,1410,2739,894,1841,2691,733,1765,2705
andalusian_match_interrogative-total-yn_Manuela-vende-el-carro,233.4,1.276,*,1,Magenta,29,5900,496,1586,2650,603,1705,2811,491,1911,2819,700,1646,2611,523,1325,2365
andalusian_match_interrogative-total-yn_Maria-bebe-el-vino,198.9,1.1,*,1,Black,30,5750,471,1619,2656,490,2005,2803,419,1885,2774,376,1986,2840,385,1255,2378
andalusian_match_interrogative-total-yn_Mariano-habla-del-tiempo,213.7,1.546,*,1,Lime,31,4700,716,1707,2412,493,1105,2054,429,1124,1907,353,1582,2507,544,1035,2141
andalusian_match_interrogative-total-yn_Marta-abre-el-regalo,210.2,1.208,*,1,Purple,32,5600,395,1521,2675,867,1661,2604,492,1649,2508,532,1606,2638,523,1178,2561
andalusian_mismatch_declarative-broad-focus_El-bebe-comia-muy-bien,185.3,1.276,*,1,Teal,33,6800,503,2274,2898,429,1910,2676,427,1541,2782,399,1919,2757,390,2364,2932
andalusian_mismatch_declarative-broad-focus_El-hombre-mira-la-luna,212,1.196,*,1,Navy,34,5750,660,2270,2876,370,1343,2634,455,1777,2700,491,1698,2744,892,1676,2689
andalusian_mismatch_declarative-broad-focus_El-nino-oye-el-rio,211.5,1.276,*,1,Pink,35,6350,445,2507,3173,385,2578,3020,410,2007,2834,442,1979,2658,480,1938,2815
andalusian_mismatch_declarative-broad-focus_La-maestra-vive-en-Paris,223.5,1.39,*,1,Maroon,36,5750,487,1908,2941,619,1872,2580,516,1885,2716,473,1735,2690,516,2161,2750
andalusian_mismatch_declarative-broad-focus_La-nina-lava-el-plato,204.6,1.154,*,1,Olive,37,5450,573,1974,2690,397,2148,2782,786,1480,2729,631,1655,2682,499,1372,2557
andalusian_mismatch_declarative-broad-focus_Mi-madre-come-la-fruta,212.3,1.262,*,1,Grey,38,6050,403,1961,2827,558,1728,2799,513,1353,2697,555,1637,2709,596,1667,2623
andalusian_mismatch_declarative-broad-focus_Mi-novio-viene-del-lago,200.2,1.424,*,1,Red,39,6050,386,1796,2918,442,1622,2873,446,1971,2985,505,1239,2727,586,1376,2569
andalusian_mismatch_declarative-broad-focus_Mi-tia-odia-la-lluvia,198.3,1.312,*,1,Blue,40,5750,344,2320,2957,549,2315,2879,492,1858,2829,432,2035,2861,722,1892,2708
andalusian_mismatch_declarative-narrow-focus_El-bebe-comia-muy-bien,185.4,1.262,*,1,Green,41,6350,524,2210,2949,476,1995,2770,427,1721,2711,387,2439,2920,397,2191,3002
andalusian_mismatch_declarative-narrow-focus_El-hombre-mira-la-luna,200.5,1.282,*,1,Magenta,42,6800,527,2375,2954,410,1496,2723,524,2120,2925,448,1567,2816,826,2312,3192
andalusian_mismatch_declarative-narrow-focus_El-nino-oye-el-rio,188.6,1.208,*,1,Black,43,6200,447,2364,3162,379,2006,2759,450,2003,2759,467,2115,2634,549,1624,2589
andalusian_mismatch_declarative-narrow-focus_La-maestra-vive-en-Paris,200.7,1.138,*,1,Lime,44,5900,457,1688,2933,766,2050,2779,402,1799,2721,403,1833,2768,456,2274,2993
andalusian_mismatch_declarative-narrow-focus_La-nina-lava-el-plato,188.5,1.354,*,1,Purple,45,5750,844,2067,2986,421,2132,2805,686,1282,2598,798,1602,2673,816,1753,2743
andalusian_mismatch_declarative-narrow-focus_Mi-madre-come-la-fruta,188.7,1.33,*,1,Teal,46,5900,405,1914,2725,558,1805,2695,583,1660,2658,441,1673,2706,830,1738,2738
andalusian_mismatch_declarative-narrow-focus_Mi-novio-viene-del-lago,186.3,1.16,*,1,Navy,47,5750,339,1889,2729,382,1790,2719,478,1936,2836,547,1783,2761,499,946,2609
andalusian_mismatch_declarative-narrow-focus_Mi-tia-odia-la-lluvia,183.8,1.312,*,1,Pink,48,5900,345,2405,2868,545,1882,2884,483,1991,2788,397,1958,2844,587,1791,2637
andalusian_mismatch_interrogative-partial-wh_Cuando-comia-la-fruta,182.3,1.398,*,1,Maroon,49,5600,624,1472,2655,441,1138,2776,656,1834,2769,394,1423,2821,808,1621,2618
andalusian_mismatch_interrogative-partial-wh_Cuando-lavaba-el-plato,188.9,1.23,*,1,Olive,50,5750,678,1371,2754,507,1532,2702,596,1074,2551,716,1706,2595,508,1389,2653
andalusian_mismatch_interrogative-partial-wh_Cuando-miraba-la-luna,194.3,1.278,*,1,Grey,51,5900,730,1611,2952,478,1664,2864,763,1720,2644,380,1341,2634,551,1798,2636
andalusian_mismatch_interrogative-partial-wh_Por-que-desayuna-muy-bien,184.5,1.352,*,1,Red,52,5750,447,1404,2645,498,2178,2868,397,2108,2858,405,1697,2904,453,2165,2953
andalusian_mismatch_interrogative-partial-wh_Por-que-odiaba-la-lluvia,188.9,1.26,*,1,Blue,53,5750,465,1351,2645,515,1852,2824,738,1722,2647,421,2026,2879,601,1724,2596
andalusian_mismatch_interrogative-partial-wh_Por-que-oia-el-rio,225.6,1.222,*,1,Green,54,5450,454,1354,2554,522,1394,2681,416,1827,2751,428,2031,2720,436,1223,2588
andalusian_mismatch_interrogative-partial-wh_Por-que-venia-del-lago,215.4,1.24,*,1,Magenta,55,6200,489,1373,2733,465,2218,2782,598,2024,3073,502,1350,2418,569,2472,3119
andalusian_mismatch_interrogative-partial-wh_Por-que-vivia-en-Paris,205.4,1.12,*,1,Black,56,5900,456,1431,2721,405,2182,2746,389,2352,2828,464,1997,2805,340,2249,2955
andalusian_mismatch_interrogative-total-yn_El-bebe-comia-muy-bien,208.6,1.278,*,1,Lime,57,6500,552,2355,2992,465,2083,2785,466,1416,2893,408,2448,2964,436,2172,3087
andalusian_mismatch_interrogative-total-yn_El-hombre-mira-la-luna,206.8,1.268,*,1,Purple,58,6350,521,2363,3000,432,1617,2697,539,1924,2734,443,1709,2702,490,1546,2870
andalusian_mismatch_interrogative-total-yn_El-nino-oye-el-rio,205.5,1.472,*,1,Teal,59,5750,563,2377,2998,382,2529,3041,472,1848,2870,445,2046,2705,507,1244,2690
andalusian_mismatch_interrogative-total-yn_La-maestra-vive-en-Paris,231.1,1.314,*,1,Navy,60,6050,685,1983,2957,634,1971,2672,478,1843,2750,487,1778,2754,436,2092,2903
andalusian_mismatch_interrogative-total-yn_La-nina-lava-el-plato,211.5,1.36,*,1,Pink,61,5450,403,1913,2952,360,1131,2867,693,1560,2614,645,1652,2629,461,1141,2574
andalusian_mismatch_interrogative-total-yn_Mi-madre-come-la-fruta,219.1,1.306,*,1,Maroon,62,5750,397,1765,2794,490,1732,2850,492,1675,2735,420,1674,2838,631,1591,2749
andalusian_mismatch_interrogative-total-yn_Mi-novio-viene-del-lago,244.3,1.37,*,1,Olive,63,6500,377,2573,3391,465,1544,2879,533,1948,2909,574,1876,2773,573,1229,3093
andalusian_mismatch_interrogative-total-yn_Mi-tia-odia-la-lluvia,205.4,1.426,*,1,Grey,64,6200,353,2353,3211,449,2564,3248,493,1958,2914,366,2179,2956,536,1836,2861
andalusian_statement_filler_Alberto-nunca-se-afeita,215.9,1.318,*,1,Red,65,5900,485,1745,2708,474,1910,2865,459,1137,2618,650,1905,2767,504,1923,2738
argentine_match_declarative-broad-focus_Ana-lleva-el-abrigo,110.2,1.046,*,1,Blue,66,5000,700,1498,2428,608,1771,2595,558,1497,2384,504,1523,2427,441,1361,2556
argentine_match_declarative-broad-focus_Daniel-iba-a-Bolivia,113.3,1.3,*,1,Green,67,5150,595,1607,2112,475,2206,2789,531,1214,2484,360,1827,2638,597,1762,2537
argentine_match_declarative-broad-focus_David-leia-el-libro,110.6,1.288,*,1,Magenta,68,4850,514,1526,2313,399,1886,2716,446,2225,2751,349,1921,2632,490,1519,2403
argentine_match_declarative-broad-focus_Emilio-ama-la-marcha,116,1.326,*,1,Black,69,5300,457,1962,2642,420,1975,2718,626,1451,2418,599,1322,2345,691,1595,2725
argentine_match_declarative-broad-focus_Manuela-vende-el-carro,112.9,1.334,*,1,Lime,70,5150,433,1393,2138,581,1614,2459,549,1720,2582,616,1605,2410,620,1223,2263
argentine_match_declarative-broad-focus_Maria-bebe-el-vino,108.9,1.068,*,1,Purple,71,6350,1142,1957,3220,515,1906,2490,501,1639,2376,328,1973,2492,492,1779,2909
argentine_match_declarative-broad-focus_Mariano-habla-del-tiempo,106.9,1.226,*,1,Teal,72,5300,610,1607,2560,620,1619,2542,595,1524,2623,497,1976,2721,505,1226,2440
argentine_match_declarative-broad-focus_Marta-abre-el-regalo,116.1,1.31,*,1,Navy,73,5150,717,1389,2432,667,1376,2457,529,1659,2563,534,1713,2382,554,1559,2525
argentine_match_declarative-narrow-focus_Ana-lleva-el-abrigo,112.7,1.112,*,1,Pink,74,4850,625,1484,2412,547,1738,2557,569,1446,2314,490,1597,2464,511,1380,2524
argentine_match_declarative-narrow-focus_Daniel-iba-a-Bolivia,107.1,1.216,*,1,Maroon,75,5450,542,1696,2653,388,2201,2822,503,1248,2377,359,1968,2657,589,1727,2461
argentine_match_declarative-narrow-focus_David-leia-el-libro,102,1.08,*,1,Olive,76,5300,569,1655,2464,384,1877,2654,412,2130,2700,360,1997,2704,494,1468,2425
argentine_match_declarative-narrow-focus_Emilio-ama-la-marcha,107,1.326,*,1,Grey,77,5150,578,1885,2564,449,2158,2667,677,1334,2449,592,1333,2252,650,1550,2695
argentine_match_declarative-narrow-focus_Manuela-vende-el-carro,109.1,1.454,*,1,Red,78,5000,647,1496,2419,539,1683,2603,566,1542,2353,565,1712,2466,596,1366,2322
argentine_match_declarative-narrow-focus_Maria-bebe-el-vino,105.9,1.172,*,1,Blue,79,5150,611,1470,2350,491,2159,2754,524,1663,2359,364,1816,2568,662,1826,2724
argentine_match_declarative-narrow-focus_Mariano-habla-del-tiempo,104,1.404,*,1,Green,80,5300,564,1574,2538,553,1605,2581,597,1471,2636,479,2040,2802,514,1333,2374
argentine_match_declarative-narrow-focus_Marta-abre-el-regalo,109.6,1.256,*,1,Magenta,81,5000,662,1367,2268,654,1381,2309,541,1419,2501,545,1693,2377,645,1577,2465
argentine_match_interrogative-partial-wh_Cuando-bebia-el-vino,105.5,1.09,*,1,Black,82,6200,618,1392,2680,517,1368,2496,413,1917,2461,339,1765,2591,439,1795,2990
argentine_match_interrogative-partial-wh_Cuando-leia-el-libro,107.8,1.04,*,1,Lime,83,5300,630,1301,2451,480,1485,2614,448,2129,2630,380,1980,2702,455,1555,2439
argentine_match_interrogative-partial-wh_Cuando-lleva-el-abrigo,110.7,1.162,*,1,Purple,84,4850,583,1325,2368,539,1781,2666,546,1421,2332,514,1586,2320,445,1202,2565
argentine_match_interrogative-partial-wh_Cuando-vendia-el-carro,106.3,1.062,*,1,Teal,85,5450,590,1209,2472,530,1390,2581,448,1979,2712,618,1472,2555,519,1157,2431
argentine_match_interrogative-partial-wh_Por-que-abre-el-regalo,109.5,1.106,*,1,Navy,86,4850,509,1224,2389,528,1710,2432,523,1500,2289,541,1608,2298,586,1556,2420
argentine_match_interrogative-partial-wh_Por-que-ama-la-navidad,108.2,1.206,*,1,Pink,87,5300,500,1191,2268,603,1845,2438,558,1476,2423,516,1798,2610,628,1563,2762
argentine_match_interrogative-partial-wh_Por-que-hablaba-del-agua,112.4,1.304,*,1,Maroon,88,5450,491,1464,2509,564,1666,2414,611,1291,2405,550,1642,2664,572,963,2189
argentine_match_interrogative-partial-wh_Por-que-iba-a-Bolivia,117.1,1.062,*,1,Olive,89,6050,483,1469,2520,450,2096,2515,545,1119,2420,342,2125,2649,659,1650,2504
argentine_match_interrogative-total-yn_Ana-lleva-el-abrigo,118.4,1.294,*,1,Grey,90,5000,688,1580,2393,614,1784,2658,576,1426,2316,403,1955,2583,572,988,2496
argentine_match_interrogative-total-yn_Daniel-iba-a-Bolivia,127,1.354,*,1,Red,91,5150,572,1711,2690,479,2089,2692,542,1250,2447,373,2123,2524,592,1545,2633
argentine_match_interrogative-total-yn_David-leia-el-libro,114.6,1.272,*,1,Blue,92,5000,538,1498,2344,420,1941,2642,409,2097,2689,397,1918,2588,542,1291,2346
argentine_match_interrogative-total-yn_Emilio-ama-la-marcha,116.8,1.53,*,1,Green,93,5150,496,1992,2613,455,1788,2527,657,1393,2371,602,1352,2458,631,1475,2656
argentine_match_interrogative-total-yn_Manuela-vende-el-carro,119.1,1.398,*,1,Magenta,94,5000,520,1486,2200,584,1554,2556,478,1809,2626,631,1455,2317,541,1033,2421
argentine_match_interrogative-total-yn_Maria-bebe-el-vino,115,1.212,*,1,Black,95,5000,564,1711,2608,498,1703,2447,484,1730,2417,338,1885,2627,524,1305,2229
argentine_match_interrogative-total-yn_Mariano-habla-del-tiempo,114.2,1.458,*,1,Lime,96,5000,674,1796,2586,581,1485,2396,572,1765,2692,443,1810,2435,542,1092,2431
argentine_match_interrogative-total-yn_Marta-abre-el-regalo,126.8,1.288,*,1,Purple,97,5000,696,1353,2329,590,1307,2286,507,1793,2570,523,1620,2419,556,1097,2462
argentine_mismatch_declarative-broad-focus_El-bebe-comia-muy-bien,104.4,1.462,*,1,Teal,98,5300,499,1755,2657,501,1637,2447,506,1661,2562,357,1824,2372,493,1818,2570
argentine_mismatch_declarative-broad-focus_El-hombre-mira-la-luna,108.3,1.128,*,1,Navy,99,4850,510,1941,2573,492,1399,2365,470,1774,2557,424,1606,2379,577,1524,2262
argentine_mismatch_declarative-broad-focus_El-nino-oye-el-rio,111.6,1.504,*,1,Pink,100,5150,509,2022,2866,442,2120,2716,610,1244,2619,423,1502,2605,596,1322,2480
argentine_mismatch_declarative-broad-focus_La-maestra-vive-en-Paris,110,1.382,*,1,Maroon,101,5600,633,1592,2527,655,1950,2746,495,1723,2475,525,1428,2309,528,1900,2866
argentine_mismatch_declarative-broad-focus_La-nina-lava-el-plato,107.2,1.206,*,1,Olive,102,5150,590,1820,2693,463,2186,2664,622,1630,2486,569,1647,2666,653,1532,2630
argentine_mismatch_declarative-broad-focus_Mi-madre-come-la-fruta,113.3,1.47,*,1,Grey,103,5150,361,1455,2423,556,1541,2716,532,1483,2570,530,1442,2489,670,1447,2619
argentine_mismatch_declarative-broad-focus_Mi-novio-viene-del-lago,120.4,1.63,*,1,Red,104,4850,415,1666,2309,504,1211,2483,451,1750,2545,517,1615,2577,676,1001,2308
argentine_mismatch_declarative-broad-focus_Mi-tia-odia-la-lluvia,117.9,1.574,*,1,Blue,105,5450,442,2287,2765,655,1814,2510,527,1627,2709,615,1680,2667,461,1714,2645
argentine_mismatch_declarative-narrow-focus_El-bebe-comia-muy-bien,108.8,1.15,*,1,Green,106,5600,464,1740,2606,502,1652,2442,492,1567,2550,407,1882,2584,488,1853,2689
argentine_mismatch_declarative-narrow-focus_El-hombre-mira-la-luna,108.4,1.088,*,1,Magenta,107,4850,539,1762,2570,489,1525,2370,466,1673,2448,443,1592,2364,581,1612,2345
argentine_mismatch_declarative-narrow-focus_El-nino-oye-el-rio,115.8,1.3,*,1,Black,108,4700,530,1805,2638,320,886,2444,564,1443,2410,398,1449,2509,507,1692,2487
argentine_mismatch_declarative-narrow-focus_La-maestra-vive-en-Paris,109.9,1.272,*,1,Lime,109,5450,643,1558,2608,644,1767,2631,455,1611,2481,438,2003,2692,618,1869,2772
argentine_mismatch_declarative-narrow-focus_La-nina-lava-el-plato,104.5,1.206,*,1,Purple,110,5450,515,1762,2721,475,2157,2819,576,1487,2349,549,1604,2565,650,1438,2614
argentine_mismatch_declarative-narrow-focus_Mi-madre-come-la-fruta,116,1.354,*,1,Teal,111,5150,403,1381,2420,565,1623,2623,537,1419,2463,574,1485,2654,721,1533,2667
argentine_mismatch_declarative-narrow-focus_Mi-novio-viene-del-lago,106.8,1.25,*,1,Navy,112,4850,466,1664,2439,451,1692,2388,588,1813,2544,588,1546,2378,580,1004,2373
argentine_mismatch_declarative-narrow-focus_Mi-tia-odia-la-lluvia,107.4,1.228,*,1,Pink,113,5300,433,2181,2692,520,1960,2604,477,1799,2674,544,1683,2670,432,1731,2609
argentine_mismatch_interrogative-partial-wh_Cuando-comia-la-fruta,108.7,1.272,*,1,Maroon,114,5300,619,1389,2597,580,1264,2597,549,1817,2628,497,1468,2693,644,1510,2760
argentine_mismatch_interrogative-partial-wh_Cuando-lavaba-el-plato,107.4,1.168,*,1,Olive,115,5150,530,1413,2674,557,1511,2649,603,1142,2388,584,1541,2549,606,1520,2699
argentine_mismatch_interrogative-partial-wh_Cuando-miraba-la-luna,108.5,1.118,*,1,Grey,116,6200,574,1410,2856,428,1424,2701,632,1539,2361,443,1672,2578,593,1663,2887
argentine_mismatch_interrogative-partial-wh_Por-que-desayuna-muy-bien,115.8,1.294,*,1,Red,117,4850,532,1492,2358,507,1807,2608,580,1451,2288,494,1492,2484,448,1845,2623
argentine_mismatch_interrogative-partial-wh_Por-que-odiaba-la-lluvia,114.9,1.26,*,1,Blue,118,4700,541,1255,2421,494,1858,2633,591,1504,2464,575,1533,2593,535,1768,2546
argentine_mismatch_interrogative-partial-wh_Por-que-oia-el-rio,120.2,1.146,*,1,Green,119,5600,504,1339,2673,528,1575,2594,445,1988,2766,394,1793,2608,643,1793,2644
argentine_mismatch_interrogative-partial-wh_Por-que-venia-del-lago,114.6,1.096,*,1,Magenta,120,5300,501,1247,2411,501,1771,2523,561,1803,2736,482,1616,2597,530,1081,2667
argentine_mismatch_interrogative-partial-wh_Por-que-vivia-en-Paris,119.3,1.168,*,1,Black,121,5000,506,1415,2365,399,1958,2530,454,1638,2451,381,1757,2576,586,1877,2816
argentine_mismatch_interrogative-total-yn_El-bebe-comia-muy-bien,113.8,1.238,*,1,Lime,122,5450,481,1764,2623,501,1598,2405,536,1635,2615,411,1976,2603,374,1771,2658
argentine_mismatch_interrogative-total-yn_El-hombre-mira-la-luna,134.5,1.146,*,1,Purple,123,5000,542,1981,2619,482,1479,2412,510,1717,2522,463,1457,2472,643,1550,2716
argentine_mismatch_interrogative-total-yn_El-nino-oye-el-rio,123.4,1.14,*,1,Teal,124,5000,460,1962,2736,493,1859,2572,499,1694,2599,424,2004,2554,518,1242,2414
argentine_mismatch_interrogative-total-yn_La-maestra-vive-en-Paris,116.3,1.508,*,1,Navy,125,5300,674,1652,2722,622,1745,2655,371,1571,2517,391,1685,2527,326,1898,2853
argentine_mismatch_interrogative-total-yn_La-nina-lava-el-plato,116.6,1.344,*,1,Pink,126,5150,579,1826,2782,473,1968,2645,589,1488,2434,614,1524,2549,553,1148,2695
argentine_mismatch_interrogative-total-yn_Mi-madre-come-la-fruta,129.8,1.454,*,1,Maroon,127,5000,435,1443,2467,539,1592,2639,520,1512,2378,446,1426,2668,661,1449,2747
argentine_mismatch_interrogative-total-yn_Mi-novio-viene-del-lago,118,1.448,*,1,Olive,128,4700,424,1693,2592,446,1503,2378,547,1782,2670,516,1612,2498,527,893,2354
argentine_mismatch_interrogative-total-yn_Mi-tia-odia-la-lluvia,117.9,1.376,*,1,Grey,129,5150,381,2160,2735,523,1421,2636,563,1774,2625,394,1346,2654,562,1592,2605
argentine_question_filler_Mi-vecino-habla-mucho,131.4,1.128,*,1,Red,130,4850,443,1842,2631,487,1736,2738,609,1426,2471,502,1484,2561,538,1165,2606
castilian_match_declarative-broad-focus_Ana-lleva-el-abrigo,198.2,1.208,*,1,Blue,131,7100,942,1857,3293,349,2440,3453,648,1861,3106,353,1990,3116,589,2223,3452
castilian_match_declarative-broad-focus_Daniel-iba-a-Bolivia,201.5,1.408,*,1,Green,132,6350,410,1996,3164,365,2254,3369,604,1530,2611,339,2060,2905,365,1991,2922
castilian_match_declarative-broad-focus_David-leia-el-libro,185.8,1.432,*,1,Magenta,133,6350,392,1808,2965,413,2243,3152,410,2536,3267,330,2163,3345,626,1866,3043
castilian_match_declarative-broad-focus_Emilio-ama-la-marcha,194,1.352,*,1,Black,134,5750,405,2274,3003,505,1626,2684,563,1646,2617,469,1626,2852,852,1863,3149
castilian_match_declarative-broad-focus_Manuela-vende-el-carro,199.6,1.482,*,1,Lime,135,6350,418,1852,2971,510,1888,2900,417,2249,3032,651,1841,2718,646,1922,2933
castilian_match_declarative-broad-focus_Maria-bebe-el-vino,202.9,1.31,*,1,Purple,136,5600,538,1952,3026,514,2008,3022,479,2036,2796,350,2108,2908,325,1667,2274
castilian_match_declarative-broad-focus_Mariano-habla-del-tiempo,189.7,1.558,*,1,Teal,137,6200,437,2044,3073,716,1814,2871,505,1747,2922,361,2124,3008,336,1808,2713
castilian_match_declarative-broad-focus_Marta-abre-el-regalo,207.2,1.35,*,1,Navy,138,5600,812,1671,2799,972,1740,3020,422,1835,2825,518,1742,2666,464,1613,2512
castilian_match_declarative-narrow-focus_Ana-lleva-el-abrigo,187,1.168,*,1,Pink,139,7100,738,1867,3257,383,2274,3375,636,1811,2936,347,2446,3312,923,2204,3642
castilian_match_declarative-narrow-focus_Daniel-iba-a-Bolivia,195.7,1.444,*,1,Maroon,140,5600,426,2023,3015,413,2401,3039,776,1630,2709,358,2069,2842,325,1987,2805
castilian_match_declarative-narrow-focus_David-leia-el-libro,176.4,1.292,*,1,Olive,141,5750,476,1882,2828,390,2195,3124,458,2569,3229,349,2456,3063,363,1568,2279
castilian_match_declarative-narrow-focus_Emilio-ama-la-marcha,189.6,1.312,*,1,Grey,142,5900,408,2275,2948,435,1825,2858,603,1715,2936,470,1672,2845,936,1963,3136
castilian_match_declarative-narrow-focus_Manuela-vende-el-carro,196.6,1.392,*,1,Red,143,5450,417,1708,2464,563,1864,2922,449,2031,2970,674,1732,2477,448,1490,2231
castilian_match_declarative-narrow-focus_Maria-bebe-el-vino,179.6,1.262,*,1,Blue,144,6500,400,1886,2898,538,2038,3106,432,1969,2895,339,2335,3024,583,2014,3457
castilian_match_declarative-narrow-focus_Mariano-habla-del-tiempo,182.2,1.506,*,1,Green,145,6050,391,2089,3120,738,1756,2914,420,1901,3016,374,1922,3005,344,1743,2558
castilian_match_declarative-narrow-focus_Marta-abre-el-regalo,183.4,1.352,*,1,Magenta,146,5750,786,1718,2864,871,1760,3021,406,1907,2813,460,1879,2590,380,1614,2440
castilian_match_interrogative-partial-wh_Cuando-bebia-el-vino,194.5,1.28,*,1,Black,147,7400,625,1912,3118,476,1964,2965,402,2583,3250,337,2192,3191,442,1790,3325
castilian_match_interrogative-partial-wh_Cuando-leia-el-libro,208.7,1.326,*,1,Lime,148,7100,574,1751,3104,454,1837,3002,401,2541,3227,326,2352,3378,455,1872,3095
castilian_match_interrogative-partial-wh_Cuando-lleva-el-abrigo,210.2,1.234,*,1,Purple,149,7400,550,1902,3161,423,2294,3197,562,1868,3048,401,1993,3232,365,2143,3592
castilian_match_interrogative-partial-wh_Cuando-vendia-el-carro,204.6,1.312,*,1,Teal,150,5450,579,1442,2423,410,1976,2857,471,2312,3036,692,1712,2600,440,1090,2274
castilian_match_interrogative-partial-wh_Por-que-abre-el-regalo,200.9,1.336,*,1,Navy,151,5600,521,1600,2436,482,2040,2864,398,1968,2826,588,1667,2641,404,1453,2587
castilian_match_interrogative-partial-wh_Por-que-ama-la-navidad,218.1,1.246,*,1,Pink,152,5750,516,1569,2502,466,1861,2862,492,1735,2936,421,2089,2891,682,1789,2906
castilian_match_interrogative-partial-wh_Por-que-hablaba-del-agua,213.8,1.41,*,1,Maroon,153,6050,461,1716,2513,478,1809,2873,611,1661,2855,599,1695,2830,512,1226,2639
castilian_match_interrogative-partial-wh_Por-que-iba-a-Bolivia,215.2,1.396,*,1,Olive,154,5750,479,1632,2502,450,2358,3005,715,1444,2648,330,2207,2840,390,1721,3044
castilian_match_interrogative-total-yn_Ana-lleva-el-abrigo,217.2,1.214,*,1,Grey,155,6350,727,1861,3211,382,2154,3078,609,1739,2831,343,2208,3047,392,1203,2800
castilian_match_interrogative-total-yn_Daniel-iba-a-Bolivia,210.1,1.234,*,1,Red,156,5600,367,1979,3002,436,2141,2978,528,1459,2583,340,2430,2932,354,1234,2286
castilian_match_interrogative-total-yn_David-leia-el-libro,205,1.376,*,1,Blue,157,5600,444,1855,2911,392,2293,3068,473,2546,3116,329,2162,3049,415,1444,2512
castilian_match_interrogative-total-yn_Emilio-ama-la-marcha,233.2,1.392,*,1,Green,158,4700,391,1963,2659,355,1291,1907,458,1441,1782,412,1259,2016,355,1172,1949
castilian_match_interrogative-total-yn_Manuela-vende-el-carro,215.7,1.436,*,1,Magenta,159,5750,399,1754,2516,555,1920,2868,417,2065,2964,630,1715,2686,444,1079,2421
castilian_match_interrogative-total-yn_Maria-bebe-el-vino,220.5,1.26,*,1,Black,160,5600,380,2022,3069,563,1973,2883,453,2034,2812,331,2187,2985,382,1463,2420
castilian_match_interrogative-total-yn_Mariano-habla-del-tiempo,213.2,1.524,*,1,Lime,161,5900,410,2076,3012,641,1675,2988,493,1836,2975,353,1968,3023,405,1035,2764
castilian_match_interrogative-total-yn_Marta-abre-el-regalo,203,1.386,*,1,Purple,162,5750,750,1687,2931,851,1723,3093,436,1923,2722,568,1700,2711,457,1583,2458
castilian_mismatch_declarative-broad-focus_El-bebe-comia-muy-bien,179.4,1.546,*,1,Teal,163,6650,483,2120,2938,468,2140,2844,437,1983,2668,367,2160,2661,313,2008,3048
castilian_mismatch_declarative-broad-focus_El-hombre-mira-la-luna,185.4,1.314,*,1,Navy,164,6800,472,2020,2912,376,1967,2733,431,2050,2961,395,1863,2910,1011,1894,3310
castilian_mismatch_declarative-broad-focus_El-nino-oye-el-rio,216.9,1.356,*,1,Pink,165,4700,413,2006,2637,309,1398,2709,464,1253,2514,454,1940,2812,357,1963,2637
castilian_mismatch_declarative-broad-focus_La-maestra-vive-en-Paris,187.3,1.546,*,1,Maroon,166,5750,643,1783,2848,582,2069,3034,409,2030,2790,394,1890,2808,374,2119,3129
castilian_mismatch_declarative-broad-focus_La-nina-lava-el-plato,205.9,1.414,*,1,Olive,167,6350,402,2065,3107,407,2323,3046,622,1731,2910,496,1769,2885,549,1763,3083
castilian_mismatch_declarative-broad-focus_Mi-madre-come-la-fruta,211.2,1.44,*,1,Grey,168,5600,377,1940,2630,450,2005,3003,433,1856,2514,631,1689,2705,427,1783,2813
castilian_mismatch_declarative-broad-focus_Mi-novio-viene-del-lago,191.9,1.462,*,1,Red,169,5600,406,1873,2661,443,1815,2578,439,2152,3090,489,1919,2957,484,1291,2339
castilian_mismatch_declarative-broad-focus_Mi-tia-odia-la-lluvia,187.1,1.254,*,1,Blue,170,6950,356,2216,2953,588,2274,3484,506,1918,2965,358,2061,3094,398,2025,2960
castilian_mismatch_declarative-narrow-focus_El-bebe-comia-muy-bien,196.6,1.43,*,1,Green,171,5450,485,2071,2743,464,2070,2745,455,1980,2634,357,2170,2658,319,1885,2381
castilian_mismatch_declarative-narrow-focus_El-hombre-mira-la-luna,216.7,1.228,*,1,Magenta,172,6650,516,1897,2977,330,2035,2832,453,1933,3230,408,1770,2888,668,1856,3176
castilian_mismatch_declarative-narrow-focus_El-nino-oye-el-rio,217.1,1.342,*,1,Black,173,5300,435,2166,2985,324,1601,2893,492,2045,2961,395,1940,2802,352,1700,2568
castilian_mismatch_declarative-narrow-focus_La-maestra-vive-en-Paris,205,1.672,*,1,Lime,174,5450,590,1755,2797,601,2003,2925,416,2015,2789,411,1929,2728,558,2034,2956
castilian_mismatch_declarative-narrow-focus_La-nina-lava-el-plato,206.8,1.286,*,1,Purple,175,6350,440,1984,3037,535,1964,3302,575,1740,2876,469,1743,2895,677,1795,3087
castilian_mismatch_declarative-narrow-focus_Mi-madre-come-la-fruta,221.5,1.44,*,1,Teal,176,5450,416,1835,2698,493,1989,2953,541,1745,2647,637,1731,2731,555,1765,2950
castilian_mismatch_declarative-narrow-focus_Mi-novio-viene-del-lago,201.6,1.436,*,1,Navy,177,5750,415,1917,2809,412,2152,2943,476,2114,3003,483,1826,2846,498,1245,2614
castilian_mismatch_declarative-narrow-focus_Mi-tia-odia-la-lluvia,199.5,1.37,*,1,Pink,178,5750,354,2124,2777,576,1914,3081,526,1894,2883,352,1999,2778,405,1939,2933
castilian_mismatch_interrogative-partial-wh_Cuando-comia-la-fruta,220,1.346,*,1,Maroon,179,4700,533,1414,2260,428,1052,1867,500,1534,2112,556,1649,2511,478,1500,1927
castilian_mismatch_interrogative-partial-wh_Cuando-lavaba-el-plato,224.3,1.276,*,1,Olive,180,5900,512,1587,2828,716,1621,2906,579,1821,2678,579,1672,2874,489,1570,2514
castilian_mismatch_interrogative-partial-wh_Cuando-miraba-la-luna,220.8,1.272,*,1,Grey,181,7400,527,1820,3153,348,2047,3431,704,1913,3169,432,1785,3040,414,1759,3383
castilian_mismatch_interrogative-partial-wh_Por-que-desayuna-muy-bien,212.4,1.464,*,1,Red,182,5750,494,1713,2431,467,1980,2872,410,2104,2847,358,1878,2607,366,1917,3040
castilian_mismatch_interrogative-partial-wh_Por-que-odiaba-la-lluvia,209.9,1.5,*,1,Blue,183,6200,459,1727,2567,460,2038,2862,628,1744,2887,355,1986,2765,449,1932,3153
castilian_mismatch_interrogative-partial-wh_Por-que-oia-el-rio,219.5,1.312,*,1,Green,184,5450,501,1550,2374,553,1883,2754,466,2242,2849,402,1841,2754,489,1588,2788
castilian_mismatch_interrogative-partial-wh_Por-que-venia-del-lago,223.8,1.398,*,1,Magenta,185,5750,475,1807,2536,368,1991,2909,541,1988,3010,433,1789,3116,384,956,2353
castilian_mismatch_interrogative-partial-wh_Por-que-vivia-en-Paris,233.8,1.434,*,1,Black,186,5600,482,1603,2426,403,2343,2843,408,1899,2533,460,2261,3030,467,1999,3000
castilian_mismatch_interrogative-total-yn_El-bebe-comia-muy-bien,193.9,1.418,*,1,Lime,187,5750,429,2107,2823,447,1979,2644,351,1793,2669,365,2097,2617,385,1901,2752
castilian_mismatch_interrogative-total-yn_El-hombre-mira-la-luna,219.7,1.24,*,1,Purple,188,7250,437,1958,2977,359,1916,2906,523,1940,3089,390,1756,2836,401,1641,3444
castilian_mismatch_interrogative-total-yn_El-nino-oye-el-rio,214.3,1.408,*,1,Teal,189,5750,438,2296,3149,372,1867,2963,455,2019,2849,406,1997,2848,411,1777,2906
castilian_mismatch_interrogative-total-yn_La-maestra-vive-en-Paris,227,1.704,*,1,Navy,190,5450,551,1835,2992,529,2027,3005,464,2065,2800,410,1937,2800,396,1965,2878
castilian_mismatch_interrogative-total-yn_La-nina-lava-el-plato,217.1,1.4,*,1,Pink,191,6200,426,2015,3038,396,2107,3123,599,1762,2747,475,1685,2789,498,1493,2752
castilian_mismatch_interrogative-total-yn_Mi-madre-come-la-fruta,220,1.458,*,1,Maroon,192,5600,412,1874,2668,428,1954,2974,549,1788,2564,667,1708,2796,393,1627,2561
castilian_mismatch_interrogative-total-yn_Mi-novio-viene-del-lago,213.4,1.484,*,1,Olive,193,5600,397,1803,2705,405,1906,2588,483,2063,2984,476,1871,2904,390,1080,2429
castilian_mismatch_interrogative-total-yn_Mi-tia-odia-la-lluvia,205.3,1.412,*,1,Grey,194,6350,348,2258,3153,548,1901,3358,482,1898,2983,327,2090,3012,397,1924,2870
castilian_question_filler_Mi-esposo-conoce-al-chico,223.6,1.542,*,1,Red,195,5600,426,1993,2934,602,1475,2974,597,1745,2844,483,1958,2975,548,1454,2695
chilean_match_declarative-broad-focus_Ana-lleva-el-abrigo,165.7,1.048,*,1,Blue,196,5150,751,1707,2749,370,1486,2580,627,1755,2621,379,2302,2951,517,1296,2848
chilean_match_declarative-broad-focus_Daniel-iba-a-Bolivia,174.5,1.046,*,1,Green,197,5750,345,2070,2784,350,2199,2587,485,1475,2506,346,2343,2598,596,2232,2971
chilean_match_declarative-broad-focus_David-leia-el-libro,169.8,0.97,*,1,Magenta,198,5300,478,1726,2610,348,2117,2726,437,2405,2782,341,2408,2840,342,1926,2709
chilean_match_declarative-broad-focus_Emilio-ama-la-marcha,189.3,1.244,*,1,Black,199,4700,363,1914,2420,480,1887,2167,546,1320,1689,518,1326,1940,746,1690,2332
chilean_match_declarative-broad-focus_Manuela-vende-el-carro,160.6,1.136,*,1,Lime,200,5750,356,1484,2625,485,1694,2630,314,1925,2903,413,1731,2618,441,1294,2514
chilean_match_declarative-broad-focus_Maria-bebe-el-vino,176.5,0.916,*,1,Purple,201,5450,566,1913,2896,462,2485,2940,545,1760,2644,327,1952,2707,301,1661,2708
chilean_match_declarative-broad-focus_Mariano-habla-del-tiempo,186.9,1.418,*,1,Teal,202,5300,497,1861,2755,762,1382,2724,655,1503,2703,400,1863,2712,339,1292,2551
chilean_match_declarative-broad-focus_Marta-abre-el-regalo,173.4,1.048,*,1,Navy,203,5300,549,1634,2843,860,1670,2791,383,1621,2751,529,1727,2606,408,1492,2595
chilean_match_declarative-narrow-focus_Ana-lleva-el-abrigo,170,1.03,*,1,Pink,204,5900,608,1839,3102,419,1933,2839,378,1778,2858,316,2418,3179,411,1226,3137
chilean_match_declarative-narrow-focus_Daniel-iba-a-Bolivia,176.5,0.868,*,1,Maroon,205,5750,365,2022,3165,398,2404,2832,558,1162,2613,343,2629,2971,405,2013,3026
chilean_match_declarative-narrow-focus_David-leia-el-libro,171.3,1.076,*,1,Olive,206,5750,435,1854,2847,381,2171,2890,352,2237,2970,345,1957,2926,370,1640,2906
chilean_match_declarative-narrow-focus_Emilio-ama-la-marcha,182.7,1.228,*,1,Grey,207,5600,322,2082,2913,498,1668,2541,592,1533,2543,584,1646,2572,874,1878,3129
chilean_match_declarative-narrow-focus_Manuela-vende-el-carro,179,0.956,*,1,Red,208,6200,374,1673,2555,586,1773,2398,374,1835,2563,547,1971,2697,624,1587,2319
chilean_match_declarative-narrow-focus_Maria-bebe-el-vino,167.8,0.934,*,1,Blue,209,4700,339,1415,2207,451,1334,1911,460,1274,1937,308,1619,2690,288,1573,2707
chilean_match_declarative-narrow-focus_Mariano-habla-del-tiempo,185.7,1.698,*,1,Green,210,5750,475,1897,2731,559,1614,2649,682,1521,2836,401,2034,3005,388,1401,2896
chilean_match_declarative-narrow-focus_Marta-abre-el-regalo,180,1.054,*,1,Magenta,211,5750,709,1699,2627,730,1661,2390,483,1698,2372,544,1898,2348,554,1800,2383
chilean_match_interrogative-partial-wh_Cuando-bebia-el-vino,189.6,1.19,*,1,Black,212,5600,597,1518,2561,492,1618,2607,381,2126,2867,278,1927,2797,431,1187,2629
chilean_match_interrogative-partial-wh_Cuando-leia-el-libro,186.9,1.07,*,1,Lime,213,6200,353,1534,2450,441,2174,2758,348,2384,2901,312,1979,2821,474,1341,2474
chilean_match_interrogative-partial-wh_Cuando-lleva-el-abrigo,192.7,1.124,*,1,Purple,214,6050,550,1528,2636,466,2218,2676,607,1842,2642,350,2116,2917,547,1159,2679
chilean_match_interrogative-partial-wh_Cuando-vendia-el-carro,199.5,1.266,*,1,Teal,215,5900,520,1454,2402,429,1845,2596,380,2056,2846,709,1721,2483,584,1119,2511
chilean_match_interrogative-partial-wh_Por-que-abre-el-regalo,186.3,1.226,*,1,Navy,216,5450,480,1422,2487,513,1793,2408,544,1702,2511,610,1790,2481,548,1114,2528
chilean_match_interrogative-partial-wh_Por-que-ama-la-navidad,176.5,1.136,*,1,Pink,217,6050,474,1482,2636,559,1677,2333,420,1744,2691,357,1933,2912,758,1751,2726
chilean_match_interrogative-partial-wh_Por-que-hablaba-del-agua,177.9,1.444,*,1,Maroon,218,6200,479,1425,2659,546,1955,2620,585,1565,2645,519,1862,2689,606,1439,2528
chilean_match_interrogative-partial-wh_Por-que-iba-a-Bolivia,203,0.984,*,1,Olive,219,6050,507,1628,2782,489,1663,2648,580,1433,2666,299,2255,2861,554,1834,2670
chilean_match_interrogative-total-yn_Ana-lleva-el-abrigo,192.4,1.194,*,1,Grey,220,6050,561,1866,2854,446,2112,2671,542,1791,2620,322,2088,2874,511,1105,2695
chilean_match_interrogative-total-yn_Daniel-iba-a-Bolivia,195.5,1.014,*,1,Red,221,6200,396,2104,3011,412,2271,2729,556,1366,2513,312,2323,2855,714,1840,2628
chilean_match_interrogative-total-yn_David-leia-el-libro,191.1,1.154,*,1,Blue,222,6050,433,1873,2747,407,2313,2819,367,2084,2742,302,1844,2613,501,1158,2501
chilean_match_interrogative-total-yn_Emilio-ama-la-marcha,195.5,1.282,*,1,Green,223,6200,351,2326,2826,557,1412,2656,647,1652,2586,545,1775,2654,648,1776,2675
chilean_match_interrogative-total-yn_Manuela-vende-el-carro,183.8,1.24,*,1,Magenta,224,5600,417,1641,2498,527,1810,2571,401,1845,2533,690,1656,2641,533,1078,2644
chilean_match_interrogative-total-yn_Maria-bebe-el-vino,184.5,1.154,*,1,Black,225,5900,372,2187,2901,560,1871,2649,323,1841,2564,342,2121,3056,481,1144,2638
chilean_match_interrogative-total-yn_Mariano-habla-del-tiempo,190.7,1.316,*,1,Lime,226,6050,485,2151,2892,610,1544,2576,391,1988,2720,335,1913,2790,532,1007,2612
chilean_match_interrogative-total-yn_Marta-abre-el-regalo,190,1.206,*,1,Purple,227,6050,634,1694,2677,691,1727,2667,531,1848,2648,537,1810,2635,554,1102,2638
chilean_mismatch_declarative-broad-focus_El-bebe-comia-muy-bien,172,1.216,*,1,Teal,228,5900,479,2084,2721,529,1851,2702,333,1887,2893,363,1672,2844,328,2174,2923
chilean_mismatch_declarative-broad-focus_El-hombre-mira-la-luna,171.1,1.068,*,1,Navy,229,5900,479,1782,2716,381,1848,2569,354,1987,2657,406,1400,2510,388,1701,2806
chilean_mismatch_declarative-broad-focus_El-nino-oye-el-rio,183.5,1.344,*,1,Pink,230,5450,342,2421,2885,395,1558,2889,667,1241,2725,392,1770,2736,424,1727,2801
chilean_mismatch_declarative-broad-focus_La-maestra-vive-en-Paris,205.4,1.17,*,1,Maroon,231,5600,789,1617,2736,699,1985,2821,404,2011,2795,420,1728,2617,462,2032,2789
chilean_mismatch_declarative-broad-focus_La-nina-lava-el-plato,181.1,1.006,*,1,Olive,232,5900,347,2099,2805,383,1836,2592,715,1681,2507,514,1747,2627,722,1713,2736
chilean_mismatch_declarative-broad-focus_Mi-madre-come-la-fruta,198.5,1.144,*,1,Grey,233,6050,310,1575,2751,722,1765,2759,477,1285,2517,682,1796,2570,411,1241,2606
chilean_mismatch_declarative-broad-focus_Mi-novio-viene-del-lago,191.7,1.39,*,1,Red,234,5300,350,1720,2760,509,1509,2631,468,2097,2712,419,1958,2729,596,1362,2533
chilean_mismatch_declarative-broad-focus_Mi-tia-odia-la-lluvia,165.8,1.286,*,1,Blue,235,5750,327,2391,3000,741,1691,2757,553,1520,2755,380,2085,2732,350,1928,2757
chilean_mismatch_declarative-narrow-focus_El-bebe-comia-muy-bien,181.1,1.244,*,1,Green,236,5600,503,1936,2725,542,1434,2645,395,1678,2940,390,1854,2683,406,2086,2903
chilean_mismatch_declarative-narrow-focus_El-hombre-mira-la-luna,178.5,1.146,*,1,Magenta,237,5450,538,2315,2825,387,1495,2518,410,1943,2678,432,1706,2604,752,1750,2829
chilean_mismatch_declarative-narrow-focus_El-nino-oye-el-rio,176.1,1.214,*,1,Black,238,5450,371,2379,2932,380,1562,2856,510,1852,2747,426,1759,2574,392,2303,2839
chilean_mismatch_declarative-narrow-focus_La-maestra-vive-en-Paris,172.9,1.278,*,1,Lime,239,5450,677,1686,2581,561,1901,2644,464,1710,2622,385,2085,2747,731,1863,2679
chilean_mismatch_declarative-narrow-focus_La-nina-lava-el-plato,180.5,1.17,*,1,Purple,240,5750,422,2004,2881,406,2016,2777,623,1738,2593,403,1776,2891,744,1657,2611
chilean_mismatch_declarative-narrow-focus_Mi-madre-come-la-fruta,195.6,1.116,*,1,Teal,241,5450,348,1728,2810,543,1975,2678,534,1357,2637,693,1645,2650,690,1702,2820
chilean_mismatch_declarative-narrow-focus_Mi-novio-viene-del-lago,172.6,1.316,*,1,Navy,242,5600,337,1690,2785,461,2208,2800,496,2035,2740,514,2145,2921,580,1436,2803
chilean_mismatch_declarative-narrow-focus_Mi-tia-odia-la-lluvia,180.2,1.388,*,1,Pink,243,5300,335,2252,2800,717,1708,2410,551,1479,2669,428,2105,2665,393,1843,2752
chilean_mismatch_interrogative-partial-wh_Cuando-comia-la-fruta,200.4,1.19,*,1,Maroon,244,6050,590,1477,2802,539,1271,2891,585,1831,2851,480,1749,2954,698,1723,2884
chilean_mismatch_interrogative-partial-wh_Cuando-lavaba-el-plato,202.5,1.226,*,1,Olive,245,6200,549,1487,2602,641,1530,2741,513,1689,2785,628,1752,2749,521,1106,2679
chilean_mismatch_interrogative-partial-wh_Cuando-miraba-la-luna,183.1,1.196,*,1,Grey,246,6050,421,1485,2655,393,1942,2917,645,1767,2674,331,1501,2826,530,1747,2800
chilean_mismatch_interrogative-partial-wh_Por-que-desayuna-muy-bien,174.8,1.4,*,1,Red,247,6200,526,1644,2763,547,1862,2751,363,1706,2756,369,2460,2940,331,2177,2966
chilean_mismatch_interrogative-partial-wh_Por-que-odiaba-la-lluvia,180.1,1.424,*,1,Blue,248,6350,497,1635,2822,519,1616,2698,566,1869,2772,331,2111,3008,458,1804,2781
chilean_mismatch_interrogative-partial-wh_Por-que-oia-el-rio,181.9,1.366,*,1,Green,249,5150,510,1486,2610,592,1781,2635,469,2105,2840,486,1503,2764,538,1132,2530
chilean_mismatch_interrogative-partial-wh_Por-que-venia-del-lago,181.3,1.28,*,1,Magenta,250,5450,492,1589,2705,517,2121,2658,593,1945,2783,646,1694,2672,600,994,2665
chilean_mismatch_interrogative-partial-wh_Por-que-vivia-en-Paris,180.5,1.328,*,1,Black,251,5150,518,1445,2692,390,2080,2692,491,1735,2690,394,2098,2868,621,1873,2553
chilean_mismatch_interrogative-total-yn_El-bebe-comia-muy-bien,185.6,1.366,*,1,Lime,252,6200,450,2028,2762,526,2012,2773,420,1851,2820,342,2196,3014,489,2150,2977
chilean_mismatch_interrogative-total-yn_El-hombre-mira-la-luna,216.7,1.134,*,1,Purple,253,5600,542,2184,2821,365,1712,2627,525,1784,2635,362,1446,2604,782,1659,2730
chilean_mismatch_interrogative-total-yn_El-nino-oye-el-rio,196.1,1.22,*,1,Teal,254,5150,421,2303,2896,670,1319,2764,475,1711,2686,415,1924,2867,535,1124,2570
chilean_mismatch_interrogative-total-yn_La-maestra-vive-en-Paris,196,1.254,*,1,Navy,255,5000,666,1480,2360,555,1896,2372,442,1901,2633,462,1851,2230,389,2040,2724
chilean_mismatch_interrogative-total-yn_La-nina-lava-el-plato,189.6,1.102,*,1,Pink,256,5300,376,1978,2731,480,1744,2606,572,1639,2443,650,1629,2611,554,1097,2650
chilean_mismatch_interrogative-total-yn_Mi-madre-come-la-fruta,195.1,1.238,*,1,Maroon,257,6350,353,1767,2851,555,1851,2616,611,1780,2564,412,1734,3027,688,1669,2912
chilean_mismatch_interrogative-total-yn_Mi-novio-viene-del-lago,192.6,1.236,*,1,Olive,258,6200,351,1799,2879,391,2001,2816,514,1909,2715,532,1753,2648,544,934,2628
chilean_mismatch_interrogative-total-yn_Mi-tia-odia-la-lluvia,174.2,1.318,*,1,Grey,259,5450,362,2516,2930,733,1772,2366,548,1438,2968,425,1958,2851,575,1922,2721
chilean_question_filler_Mi-padre-cantaba-bien,212.5,1.108,*,1,Red,260,5600,474,1876,2770,569,1855,2767,596,1581,2100,506,2237,2919,340,1949,2974
cuban_match_declarative-broad-focus_Ana-lleva-el-abrigo,165.8,1.184,*,1,Blue,261,5600,815,1791,2832,536,2220,2505,555,1818,2428,470,1819,2536,408,1412,2808
cuban_match_declarative-broad-focus_Daniel-iba-a-Bolivia,167.4,1.532,*,1,Green,262,5450,545,2073,2714,412,2329,2717,531,1235,2599,358,2243,2742,146,1678,2449
cuban_match_declarative-broad-focus_David-leia-el-libro,153.2,1.362,*,1,Magenta,263,5150,657,1712,2505,434,2344,2680,454,2424,2769,371,2182,2710,446,1462,2373
cuban_match_declarative-broad-focus_Emilio-ama-la-marcha,195.6,1.178,*,1,Black,264,5600,432,2199,2807,520,2173,2888,866,1526,2970,748,1595,2785,722,1889,2680
cuban_match_declarative-broad-focus_Manuela-vende-el-carro,157.4,1.342,*,1,Lime,265,5600,540,1527,2472,635,1819,2381,536,1964,2487,489,2168,2465,461,1719,2383
cuban_match_declarative-broad-focus_Maria-bebe-el-vino,153.9,1.202,*,1,Purple,266,5450,695,1562,2701,543,2294,2778,527,1761,2346,362,2084,2794,420,1762,2317
cuban_match_declarative-broad-focus_Mariano-habla-del-tiempo,180.1,1.412,*,1,Teal,267,5300,621,1804,2687,685,1939,2576,723,1455,2494,528,2029,2592,426,1482,2329
cuban_match_declarative-broad-focus_Marta-abre-el-regalo,154.4,1.278,*,1,Navy,268,5750,628,1794,2618,838,1742,2627,524,1959,2518,511,2090,2549,578,1671,2470
cuban_match_declarative-narrow-focus_Ana-lleva-el-abrigo,178.7,1.034,*,1,Pink,269,5900,786,1863,2958,538,2325,2569,639,1860,2494,401,1932,2769,363,1501,2788
cuban_match_declarative-narrow-focus_Daniel-iba-a-Bolivia,175.8,1.236,*,1,Maroon,270,5600,567,2139,2789,407,2348,2720,567,1466,2773,359,2193,2697,349,2030,2511
cuban_match_declarative-narrow-focus_David-leia-el-libro,170.3,1.302,*,1,Olive,271,5300,536,1726,2494,391,2350,2766,484,2398,2720,388,2167,2755,401,1656,2481
cuban_match_declarative-narrow-focus_Emilio-ama-la-marcha,171.1,1.21,*,1,Grey,272,5750,451,2285,2545,452,2360,2699,733,1466,2666,637,1624,2670,535,1977,2541
cuban_match_declarative-narrow-focus_Manuela-vende-el-carro,174.5,1.328,*,1,Red,273,5600,489,1503,2182,617,1765,2472,507,2084,2664,670,1857,2437,172,1598,2231
cuban_match_declarative-narrow-focus_Maria-bebe-el-vino,172.6,1.038,*,1,Blue,274,5450,626,1942,2706,549,1999,2590,518,1819,2496,369,2182,2759,457,1664,2136
cuban_match_declarative-narrow-focus_Mariano-habla-del-tiempo,178,1.19,*,1,Green,275,4850,628,2013,2226,641,1703,2111,550,2074,2294,441,1845,2495,160,931,1940
cuban_match_declarative-narrow-focus_Marta-abre-el-regalo,172.2,1.128,*,1,Magenta,276,5600,715,1755,2675,575,1902,2519,551,2044,2630,649,1804,2437,153,1395,2252
cuban_match_interrogative-partial-wh_Cuando-bebia-el-vino,175.8,1.068,*,1,Black,277,6950,688,1483,3502,459,1632,2737,410,2210,2535,374,2124,2842,400,1925,2795
cuban_match_interrogative-partial-wh_Cuando-leia-el-libro,212.8,1.132,*,1,Lime,278,5900,619,1590,2641,540,2163,2714,455,2174,2859,364,2205,2672,482,1588,2367
cuban_match_interrogative-partial-wh_Cuando-lleva-el-abrigo,186.4,1.126,*,1,Purple,279,4700,630,1293,1683,472,1869,2201,606,1659,1781,424,1788,2380,393,1192,2407
cuban_match_interrogative-partial-wh_Cuando-vendia-el-carro,171.2,1.114,*,1,Teal,280,4700,568,1376,1864,484,1599,2042,454,2098,2459,729,1740,2254,377,1585,2082
cuban_match_interrogative-partial-wh_Por-que-abre-el-regalo,169,1.17,*,1,Navy,281,5900,504,1576,2389,652,2158,2500,541,1884,2443,552,2011,2501,487,1611,2425
cuban_match_interrogative-partial-wh_Por-que-ama-la-navidad,209.9,1.122,*,1,Pink,282,5750,467,1357,2625,798,2001,2449,667,1720,2548,476,1576,2118,723,1882,2543
cuban_match_interrogative-partial-wh_Por-que-hablaba-del-agua,187.2,1.326,*,1,Maroon,283,5750,512,1589,2458,546,1782,2482,692,1704,2701,657,1571,2741,629,1328,2723
cuban_match_interrogative-partial-wh_Por-que-iba-a-Bolivia,197.9,1.152,*,1,Olive,284,6050,425,1333,2598,616,2239,2626,545,1402,2545,383,2235,2594,474,1946,2563
cuban_match_interrogative-total-yn_Ana-lleva-el-abrigo,193.8,1.074,*,1,Grey,285,5450,802,1801,2803,572,2160,2467,568,1740,2557,421,2322,2793,465,1150,2148
cuban_match_interrogative-total-yn_Daniel-iba-a-Bolivia,201.8,1.258,*,1,Red,286,5900,669,2099,2794,461,2389,2770,573,1305,2646,444,2236,2691,636,1927,2716
cuban_match_interrogative-total-yn_David-leia-el-libro,197.5,1.264,*,1,Blue,287,5750,557,1823,2557,450,2385,2792,440,2296,2852,406,2274,2842,479,1470,2371
cuban_match_interrogative-total-yn_Emilio-ama-la-marcha,194,1.226,*,1,Green,288,5600,414,2309,2587,683,1620,2703,699,1656,2673,735,1859,2684,495,1749,2459
cuban_match_interrogative-total-yn_Manuela-vende-el-carro,187,1.17,*,1,Magenta,289,5600,658,1677,2633,648,1828,2486,491,2237,2774,811,1864,2599,508,1455,2170
cuban_match_interrogative-total-yn_Maria-bebe-el-vino,182.3,1.274,*,1,Black,290,5750,357,1369,2124,588,2206,2700,512,1757,2509,420,2443,2921,338,1624,2070
cuban_match_interrogative-total-yn_Mariano-habla-del-tiempo,185.8,1.39,*,1,Lime,291,5750,591,2081,2825,687,1716,2528,544,1941,2801,492,2097,2576,418,933,2237
cuban_match_interrogative-total-yn_Marta-abre-el-regalo,179.5,1.202,*,1,Purple,292,5300,664,1694,2554,607,1860,2480,532,2003,2354,787,1803,2589,497,1321,2446
cuban_mismatch_declarative-broad-focus_El-bebe-comia-muy-bien,177.1,1.274,*,1,Teal,293,6350,523,2048,2480,546,1583,2545,483,1765,2579,447,2070,2560,147,2098,3252
cuban_mismatch_declarative-broad-focus_El-hombre-mira-la-luna,175.9,1.084,*,1,Navy,294,5600,555,1895,2550,427,1689,2240,584,1940,2777,476,1729,2651,174,1639,2004
cuban_mismatch_declarative-broad-focus_El-nino-oye-el-rio,169.8,1.34,*,1,Pink,295,6050,477,2301,2836,418,2305,3209,618,1314,3138,483,2164,2879,378,1732,2681
cuban_mismatch_declarative-broad-focus_La-maestra-vive-en-Paris,173.4,1.244,*,1,Maroon,296,5300,503,1813,2061,674,2097,2612,490,1855,2472,453,1776,2381,276,2006,2550
cuban_mismatch_declarative-broad-focus_La-nina-lava-el-plato,159,1.172,*,1,Olive,297,6200,484,1971,2625,496,2402,3680,635,1729,2492,556,1749,2650,547,1677,2767
cuban_mismatch_declarative-broad-focus_Mi-madre-come-la-fruta,155.8,1.316,*,1,Grey,298,5600,464,1378,2284,581,1977,2607,578,1404,2438,439,1653,2417,326,1732,2611
cuban_mismatch_declarative-broad-focus_Mi-novio-viene-del-lago,170.8,1.352,*,1,Red,299,5750,430,1937,2632,495,1645,2492,474,2062,2512,550,1911,2749,560,1264,2452
cuban_mismatch_declarative-broad-focus_Mi-tia-odia-la-lluvia,161.5,1.418,*,1,Blue,300,6200,441,2386,2880,522,2413,2921,559,1678,2900,406,1951,2628,349,1907,2648
cuban_mismatch_declarative-narrow-focus_El-bebe-comia-muy-bien,172,1.048,*,1,Green,301,5750,516,1813,2504,566,2210,2753,545,1441,2590,574,1803,2556,493,2237,2725
cuban_mismatch_declarative-narrow-focus_El-hombre-mira-la-luna,185.4,1.17,*,1,Magenta,302,5450,587,2172,2634,476,1644,2297,486,1828,2437,508,1743,2617,296,1778,2265
cuban_mismatch_declarative-narrow-focus_El-nino-oye-el-rio,164.9,1.19,*,1,Black,303,5600,480,2361,2829,510,2584,2844,576,1650,2711,466,2068,2767,386,1478,2738
cuban_mismatch_declarative-narrow-focus_La-maestra-vive-en-Paris,166,1.154,*,1,Lime,304,5900,698,1638,2671,625,2045,2670,406,1843,2624,473,1774,2537,414,2365,2966
cuban_mismatch_declarative-narrow-focus_La-nina-lava-el-plato,173.3,1.112,*,1,Purple,305,5900,586,2115,2915,402,2228,2857,685,1767,2650,588,1778,2579,659,1795,2793
cuban_mismatch_declarative-narrow-focus_Mi-madre-come-la-fruta,178.9,1.206,*,1,Teal,306,5750,435,1563,2631,703,1812,2793,542,1653,2604,674,1782,2541,438,1779,2689
cuban_mismatch_declarative-narrow-focus_Mi-novio-viene-del-lago,170.8,1.266,*,1,Navy,307,5450,467,2170,2500,533,1573,2535,452,2044,2568,498,1950,2811,634,1465,2566
cuban_mismatch_declarative-narrow-focus_Mi-tia-odia-la-lluvia,172.3,1.25,*,1,Pink,308,6350,414,2295,2804,566,2339,2999,589,1779,2950,432,2019,2594,411,1946,2585
cuban_mismatch_interrogative-partial-wh_Cuando-comia-la-fruta,180.4,0.978,*,1,Maroon,309,5000,576,1398,1721,512,1193,1935,654,1724,2269,398,1107,1970,235,1461,1917
cuban_mismatch_interrogative-partial-wh_Cuando-lavaba-el-plato,177.9,1.168,*,1,Olive,310,6350,542,1561,3199,686,1487,2720,557,1735,2497,775,1682,2822,507,1576,2993
cuban_mismatch_interrogative-partial-wh_Cuando-miraba-la-luna,201.9,1.118,*,1,Grey,311,7550,545,1675,3383,523,1910,2720,668,1649,2682,460,1413,3011,258,1685,3334
cuban_mismatch_interrogative-partial-wh_Por-que-desayuna-muy-bien,197.8,1.304,*,1,Red,312,6200,490,1035,2780,544,2089,2919,472,1833,2735,453,1671,2547,436,2372,2787
cuban_mismatch_interrogative-partial-wh_Por-que-odiaba-la-lluvia,190.8,1.326,*,1,Blue,313,5900,474,1456,2603,530,1932,2790,632,1632,2693,444,2009,2731,409,1932,2637
cuban_mismatch_interrogative-partial-wh_Por-que-oia-el-rio,195.7,1.244,*,1,Green,314,5750,505,1435,2569,518,2078,2744,516,1943,2786,537,2073,2575,413,1883,2747
cuban_mismatch_interrogative-partial-wh_Por-que-venia-del-lago,175.3,0.988,*,1,Magenta,315,6200,462,1090,2489,637,1899,2569,633,2033,2982,623,1830,2805,556,1322,2491
cuban_mismatch_interrogative-partial-wh_Por-que-vivia-en-Paris,188.6,1.038,*,1,Black,316,5750,461,1308,2625,455,1940,2474,441,1817,2830,404,2072,2665,1469,2239,3462
cuban_mismatch_interrogative-total-yn_El-bebe-comia-muy-bien,206,1.244,*,1,Lime,317,6050,507,2017,2544,539,1857,2521,412,1848,2687,448,1961,2625,246,1715,2753
cuban_mismatch_interrogative-total-yn_El-hombre-mira-la-luna,199.2,1.06,*,1,Purple,318,5750,561,1739,2442,374,1702,2288,602,2003,2822,584,1786,2788,530,1656,2483
cuban_mismatch_interrogative-total-yn_El-nino-oye-el-rio,186.5,1.006,*,1,Teal,319,7100,426,2147,3283,421,2390,3148,595,1550,2725,450,2166,3108,465,1654,2839
cuban_mismatch_interrogative-total-yn_La-maestra-vive-en-Paris,200.6,1.354,*,1,Navy,320,4850,708,1730,1941,553,1693,2200,398,1504,1979,519,1860,2332,241,1849,2414
cuban_mismatch_interrogative-total-yn_La-nina-lava-el-plato,188.8,1.138,*,1,Pink,321,5600,528,1915,3027,512,2375,2839,666,1739,2534,572,1717,2529,710,1658,2518
cuban_mismatch_interrogative-total-yn_Mi-madre-come-la-fruta,183.3,1.216,*,1,Maroon,322,5600,392,1476,2454,701,1808,2513,588,1503,2317,751,1772,2515,467,1792,2745
cuban_mismatch_interrogative-total-yn_Mi-novio-viene-del-lago,191.3,1.308,*,1,Olive,323,5900,511,1914,2908,468,1570,2486,580,2050,2766,634,1965,2689,554,1095,2611
cuban_mismatch_interrogative-total-yn_Mi-tia-odia-la-lluvia,180.7,1.164,*,1,Grey,324,4850,379,1751,2612,557,2065,2548,548,1684,2127,458,1851,2382,405,1645,2282
cuban_statement_filler_Cocinabas-por-la-noche,147,1.202,*,1,Red,325,4700,472,1159,1912,682,1861,2021,604,1385,1717,449,1615,1988,355,1608,2317
mexican_match_declarative-broad-focus_Ana-lleva-el-abrigo,198.8,1.042,*,1,Blue,326,5300,634,1876,2236,502,1912,2557,604,1742,2675,404,1775,2385,437,1266,2163
mexican_match_declarative-broad-focus_Daniel-iba-a-Bolivia,202.5,1.138,*,1,Green,327,6950,440,2028,2997,481,2462,2951,559,1569,2664,377,1991,2711,396,2128,2767
mexican_match_declarative-broad-focus_David-leia-el-libro,202.3,1.048,*,1,Magenta,328,6800,503,1882,2841,414,2033,2829,448,2370,2859,394,2225,2833,396,1636,2317
mexican_match_declarative-broad-focus_Emilio-ama-la-marcha,211.5,1.23,*,1,Black,329,5750,445,2239,2749,443,1694,2482,636,1507,2202,438,1616,2062,658,1874,2770
mexican_match_declarative-broad-focus_Manuela-vende-el-carro,208.9,1.102,*,1,Lime,330,6650,537,1715,2570,555,1759,2695,452,1957,2879,406,1889,2721,584,1598,2646
mexican_match_declarative-broad-focus_Maria-bebe-el-vino,192.6,1.034,*,1,Purple,331,6200,483,1839,2616,520,1857,2605,445,1912,2580,406,2131,2738,417,1742,2131
mexican_match_declarative-broad-focus_Mariano-habla-del-tiempo,210.9,1.168,*,1,Teal,332,6500,574,1809,2484,637,1698,2925,438,1654,2762,380,2002,2904,387,1625,2415
mexican_match_declarative-broad-focus_Marta-abre-el-regalo,182.6,1.074,*,1,Navy,333,5750,587,1672,2574,664,1731,2763,448,1642,2694,530,1856,2650,443,1760,2660
mexican_match_declarative-narrow-focus_Ana-lleva-el-abrigo,207.3,1.006,*,1,Pink,334,5600,619,1745,2024,492,2167,2986,578,1696,2656,427,1693,2334,443,1523,2235
mexican_match_declarative-narrow-focus_Daniel-iba-a-Bolivia,188.1,1.048,*,1,Maroon,335,6800,432,1960,2933,439,2408,2854,537,1521,2569,384,2059,2719,402,2055,2772
mexican_match_declarative-narrow-focus_David-leia-el-libro,189.2,1.036,*,1,Olive,336,6050,491,1686,2567,374,1916,2804,475,2244,2893,382,2031,2698,415,1679,2362
mexican_match_declarative-narrow-focus_Emilio-ama-la-marcha,206,1.092,*,1,Grey,337,6350,444,2174,2771,476,1793,2709,501,1667,2781,506,1563,2220,734,1854,2932
mexican_match_declarative-narrow-focus_Manuela-vende-el-carro,209.6,1.162,*,1,Red,338,6650,465,1843,2840,523,1819,2814,451,1941,2850,417,1871,2706,563,1618,2326
mexican_match_declarative-narrow-focus_Maria-bebe-el-vino,200.7,1.028,*,1,Blue,339,6950,498,2088,2740,587,1963,2836,461,1776,2636,390,1946,2808,462,1964,2667
mexican_match_declarative-narrow-focus_Mariano-habla-del-tiempo,192.9,1.168,*,1,Green,340,6800,582,1959,2716,601,1675,2738,442,1715,2877,380,2016,2803,407,1521,2496
mexican_match_declarative-narrow-focus_Marta-abre-el-regalo,188.5,1.104,*,1,Magenta,341,6500,576,1651,2793,641,1685,2771,427,1768,2869,507,1903,2743,403,1718,2731
mexican_match_interrogative-partial-wh_Cuando-bebia-el-vino,210.9,1.008,*,1,Black,342,6500,537,1615,2779,453,1611,2539,398,2168,2846,395,2007,2506,514,1764,2783
mexican_match_interrogative-partial-wh_Cuando-leia-el-libro,251.4,0.976,*,1,Lime,343,5450,551,1471,2132,491,1788,2759,465,2271,2824,440,2234,2728,443,1528,2163
mexican_match_interrogative-partial-wh_Cuando-lleva-el-abrigo,217.5,1.104,*,1,Purple,344,6800,532,1637,2773,486,2075,3110,559,1689,2645,415,1774,2413,465,1388,2362
mexican_match_interrogative-partial-wh_Cuando-vendia-el-carro,228.2,0.972,*,1,Teal,345,6800,547,1658,2658,482,1967,2802,455,2192,2825,619,1834,2708,578,1648,2645
mexican_match_interrogative-partial-wh_Por-que-abre-el-regalo,224.9,1.076,*,1,Navy,346,5750,431,1524,2444,656,1900,2568,446,1678,2643,566,1802,2593,463,1680,2680
mexican_match_interrogative-partial-wh_Por-que-ama-la-navidad,228.4,1.14,*,1,Pink,347,6050,481,1612,2592,584,1647,2856,552,1709,2872,453,1883,2718,579,1750,2842
mexican_match_interrogative-partial-wh_Por-que-hablaba-del-agua,236.7,1.16,*,1,Maroon,348,6350,454,1705,2609,545,1722,2706,662,1643,2851,568,1732,2769,430,1257,2455
mexican_match_interrogative-partial-wh_Por-que-iba-a-Bolivia,240.1,1.188,*,1,Olive,349,5900,492,1499,2566,411,2402,2802,544,1473,2670,398,1963,2552,494,2066,2668
mexican_match_interrogative-total-yn_Ana-lleva-el-abrigo,216.9,1.104,*,1,Grey,350,6800,562,1931,3060,487,1595,2597,469,1738,2543,424,1760,2558,464,1304,2503
mexican_match_interrogative-total-yn_Daniel-iba-a-Bolivia,207.1,1.274,*,1,Red,351,6800,422,1938,2853,443,2427,2878,480,1482,2607,356,2045,2615,515,1950,2927
mexican_match_interrogative-total-yn_David-leia-el-libro,224.3,1.156,*,1,Blue,352,5450,428,1654,2113,309,2087,2870,515,2240,2793,381,2205,2610,520,1515,2060
mexican_match_interrogative-total-yn_Emilio-ama-la-marcha,238.2,1.18,*,1,Green,353,6350,467,2301,2713,579,1562,2541,643,1593,2790,506,1606,2300,620,1824,2901
mexican_match_interrogative-total-yn_Manuela-vende-el-carro,237.2,1.21,*,1,Magenta,354,6950,501,1787,2707,567,1774,2776,472,1955,2825,435,1837,2761,542,1625,2527
mexican_match_interrogative-total-yn_Maria-bebe-el-vino,218.3,1.132,*,1,Black,355,7250,444,1955,2796,538,1758,2798,467,1788,2631,388,2037,2724,540,1767,3027
mexican_match_interrogative-total-yn_Mariano-habla-del-tiempo,223.5,1.304,*,1,Lime,356,6500,553,1835,2718,538,1653,2512,542,1625,2800,367,2003,2753,460,1285,2262
mexican_match_interrogative-total-yn_Marta-abre-el-regalo,226.3,1.094,*,1,Purple,357,6350,554,1704,2816,678,1750,2799,471,1722,2628,536,1726,2491,504,1649,2564
mexican_mismatch_declarative-broad-focus_El-bebe-comia-muy-bien,223.7,1.14,*,1,Teal,358,6800,425,1854,2699,476,1813,2511,492,1692,2644,441,1906,2581,394,2124,2800
mexican_mismatch_declarative-broad-focus_El-hombre-mira-la-luna,223.4,1.172,*,1,Navy,359,5450,520,1797,2753,452,1700,2298,477,2013,2722,443,1639,2720,471,1663,2139
mexican_mismatch_declarative-broad-focus_El-nino-oye-el-rio,220.9,1.034,*,1,Pink,360,6500,450,2383,3010,476,1871,2616,540,1600,2721,412,2066,2781,425,2031,2658
mexican_mismatch_declarative-broad-focus_La-maestra-vive-en-Paris,218.3,1.146,*,1,Maroon,361,6050,467,1656,2641,554,2059,2989,461,1849,2577,453,1717,2317,382,2231,2997
mexican_mismatch_declarative-broad-focus_La-nina-lava-el-plato,213.3,1.046,*,1,Olive,362,7100,491,1985,2932,515,2063,3214,589,1749,2715,420,1773,2821,532,1682,2903
mexican_mismatch_declarative-broad-focus_Mi-madre-come-la-fruta,222.8,1.204,*,1,Grey,363,5750,429,1819,2384,530,1890,2684,448,1448,2463,626,1696,2660,485,1635,2732
mexican_mismatch_declarative-broad-focus_Mi-novio-viene-del-lago,219.3,1.09,*,1,Red,364,6800,433,2023,2682,527,1855,2551,492,2031,2831,492,1774,2809,508,1473,2473
mexican_mismatch_declarative-broad-focus_Mi-tia-odia-la-lluvia,213.7,1.092,*,1,Blue,365,6650,414,2127,2881,693,2071,2858,546,1891,2823,420,2121,2874,402,2025,2588
mexican_mismatch_declarative-narrow-focus_El-bebe-comia-muy-bien,233.7,1.092,*,1,Green,366,5750,410,1804,2783,487,1706,2519,481,1742,2218,484,1990,2601,446,1892,2536
mexican_mismatch_declarative-narrow-focus_El-hombre-mira-la-luna,197.4,1,*,1,Magenta,367,6650,551,2439,2981,483,1534,2258,470,2019,2867,539,1790,2847,532,1815,2723
mexican_mismatch_declarative-narrow-focus_El-nino-oye-el-rio,207.1,1.182,*,1,Black,368,5600,401,2254,2887,457,2171,2704,527,1726,2619,420,1952,2835,437,1908,2619
mexican_mismatch_declarative-narrow-focus_La-maestra-vive-en-Paris,218.5,1.182,*,1,Lime,369,6050,517,1620,2801,522,1880,2845,456,1894,2606,427,1646,2444,374,2103,2811
mexican_mismatch_declarative-narrow-focus_La-nina-lava-el-plato,211.3,1.074,*,1,Purple,370,6950,435,2033,2998,489,2166,2942,562,1685,2792,393,1917,2846,568,1668,2918
mexican_mismatch_declarative-narrow-focus_Mi-madre-come-la-fruta,194.8,1.222,*,1,Teal,371,5450,398,784,2215,513,1930,2605,518,1472,2541,589,1734,2561,502,1691,2670
mexican_mismatch_declarative-narrow-focus_Mi-novio-viene-del-lago,208.6,1.178,*,1,Navy,372,6650,450,1894,2770,497,1771,2587,475,2042,2854,455,1745,2823,500,1196,2570
mexican_mismatch_declarative-narrow-focus_Mi-tia-odia-la-lluvia,196,1.16,*,1,Pink,373,5900,418,1498,2628,677,2057,2805,557,1718,2855,434,1993,2765,411,1937,2531
mexican_mismatch_interrogative-partial-wh_Cuando-comia-la-fruta,257.1,1.02,*,1,Maroon,374,4700,552,1553,1863,560,1337,1924,468,1706,2312,507,1595,2299,426,1531,2220
mexican_mismatch_interrogative-partial-wh_Cuando-lavaba-el-plato,203.2,1.012,*,1,Olive,375,6350,617,1759,2754,571,1804,2817,571,1284,2485,385,1754,2764,608,1673,2745
mexican_mismatch_interrogative-partial-wh_Cuando-miraba-la-luna,216.9,1.004,*,1,Grey,376,6650,556,1814,2876,504,1970,2719,611,1568,2522,508,1698,2689,412,1802,2527
mexican_mismatch_interrogative-partial-wh_Por-que-desayuna-muy-bien,227.5,1.278,*,1,Red,377,6500,475,1581,2655,478,1985,2897,465,1826,2505,424,1975,2549,447,2140,2741
mexican_mismatch_interrogative-partial-wh_Por-que-odiaba-la-lluvia,211.2,1.118,*,1,Blue,378,5750,449,1537,2585,565,1869,2738,579,1645,2624,374,2029,2555,505,1984,2851
mexican_mismatch_interrogative-partial-wh_Por-que-oia-el-rio,219.4,1.034,*,1,Green,379,5750,473,1351,2356,608,1782,2683,488,2222,2780,416,1842,2696,551,1638,2528
mexican_mismatch_interrogative-partial-wh_Por-que-venia-del-lago,236.9,1.016,*,1,Magenta,380,6350,468,1688,2525,518,1926,2733,617,2035,2981,572,1683,2637,476,1001,2073
mexican_mismatch_interrogative-partial-wh_Por-que-vivia-en-Paris,240.4,1.118,*,1,Black,381,5750,439,1603,2561,373,2193,2540,512,1636,2444,415,2186,2678,459,2015,2871
mexican_mismatch_interrogative-total-yn_El-bebe-comia-muy-bien,228.8,1.196,*,1,Lime,382,6650,425,1867,2510,464,1806,2496,524,1909,2682,476,2054,2678,478,2028,2830
mexican_mismatch_interrogative-total-yn_El-hombre-mira-la-luna,223.7,1.066,*,1,Purple,383,7250,474,1965,2847,353,1653,2273,503,1976,2871,501,1762,2787,491,1809,2949
mexican_mismatch_interrogative-total-yn_El-nino-oye-el-rio,210.2,1.104,*,1,Teal,384,6200,426,2409,2919,474,2081,2814,471,1686,2858,386,1871,2729,512,1684,2709
mexican_mismatch_interrogative-total-yn_La-maestra-vive-en-Paris,194.6,1.378,*,1,Navy,385,5900,607,1695,2797,552,1890,2843,437,1993,2583,403,1695,2356,405,2164,2938
mexican_mismatch_interrogative-total-yn_La-nina-lava-el-plato,222.4,1.196,*,1,Pink,386,6050,445,1920,2874,511,2098,2902,615,1637,2633,382,1653,2650,563,1508,2322
mexican_mismatch_interrogative-total-yn_Mi-madre-come-la-fruta,219.9,1.206,*,1,Maroon,387,6500,424,1855,2371,540,1867,2851,504,1519,2504,452,1713,2743,495,1664,2879
mexican_mismatch_interrogative-total-yn_Mi-novio-viene-del-lago,207.4,1.238,*,1,Olive,388,6650,426,2005,2635,411,1843,2555,471,1946,2868,479,1771,2784,505,1046,2247
mexican_mismatch_interrogative-total-yn_Mi-tia-odia-la-lluvia,209.6,1.138,*,1,Grey,389,6800,379,2302,2914,629,1864,2852,495,1767,2855,377,1955,2781,495,1986,2916
mexican_question_filler_Felipe-no-tiene-contrasena,229.8,1.362,*,1,Red,390,6350,478,2035,2769,490,1902,2904,506,2048,2767,529,1894,2721,532,2037,3135
peruvian_match_declarative-broad-focus_Ana-lleva-el-abrigo,111.7,1.28,*,1,Blue,391,5150,615,1537,2508,416,1718,2423,572,1538,2401,371,1795,2499,426,1013,2518
peruvian_match_declarative-broad-focus_Daniel-iba-a-Bolivia,113.4,1.386,*,1,Green,392,5450,437,1708,2666,459,2100,2709,477,1259,2301,335,1580,2590,363,2082,2601
peruvian_match_declarative-broad-focus_David-leia-el-libro,107,1.374,*,1,Magenta,393,5900,500,1502,2620,284,2324,2918,360,2290,2869,318,2115,2603,442,1416,2435
peruvian_match_declarative-broad-focus_Emilio-ama-la-marcha,111.2,1.386,*,1,Black,394,5450,346,2082,2629,346,2174,2535,653,1413,2439,664,1392,2382,636,1438,2471
peruvian_match_declarative-broad-focus_Manuela-vende-el-carro,107.7,1.472,*,1,Lime,395,5300,471,1419,2470,559,1603,2519,453,1938,2696,414,1789,2470,562,1408,2376
peruvian_match_declarative-broad-focus_Maria-bebe-el-vino,107.3,1.304,*,1,Purple,396,4850,491,1473,2385,486,1625,2554,460,1690,2412,329,1893,2502,503,1420,2463
peruvian_match_declarative-broad-focus_Mariano-habla-del-tiempo,108.8,1.718,*,1,Teal,397,5300,510,1684,2435,576,1366,2478,526,1414,2499,384,1856,2752,427,968,2474
peruvian_match_declarative-broad-focus_Marta-abre-el-regalo,109.9,1.408,*,1,Navy,398,5450,724,1406,2467,769,1396,2464,527,1561,2373,485,1569,2363,494,1496,2475
peruvian_match_declarative-narrow-focus_Ana-lleva-el-abrigo,105.3,1.274,*,1,Pink,399,5450,615,1588,2613,427,2047,2823,523,1524,2463,404,1557,2427,357,966,2501
peruvian_match_declarative-narrow-focus_Daniel-iba-a-Bolivia,106.8,1.278,*,1,Maroon,400,5900,381,1708,2760,351,2124,2609,529,1207,2376,299,2199,2682,460,1994,2569
peruvian_match_declarative-narrow-focus_David-leia-el-libro,103.5,1.298,*,1,Olive,401,5600,476,1607,2467,320,2233,2844,384,2303,2816,307,2020,2554,413,1565,2361
peruvian_match_declarative-narrow-focus_Emilio-ama-la-marcha,108.2,1.456,*,1,Grey,402,5300,346,2176,2831,344,2051,2436,613,1392,2449,629,1345,2441,652,1448,2546
peruvian_match_declarative-narrow-focus_Manuela-vende-el-carro,105,1.496,*,1,Red,403,5150,484,1332,2468,545,1612,2523,475,1877,2657,435,1785,2467,605,1303,2240
peruvian_match_declarative-narrow-focus_Maria-bebe-el-vino,106.3,1.264,*,1,Blue,404,5300,447,1666,2371,480,2014,2638,442,1834,2485,318,1950,2536,501,1505,2672
peruvian_match_declarative-narrow-focus_Mariano-habla-del-tiempo,103.5,1.55,*,1,Green,405,4700,484,1441,2357,570,1425,2474,446,1501,2490,340,1633,2353,431,1168,2429
peruvian_match_declarative-narrow-focus_Marta-abre-el-regalo,105.9,1.318,*,1,Magenta,406,5450,633,1359,2494,698,1375,2463,479,1659,2506,472,1646,2413,484,1494,2489
peruvian_match_interrogative-partial-wh_Cuando-bebia-el-vino,118.2,1.316,*,1,Black,407,4700,550,1145,2386,410,1308,2476,331,2194,2568,350,1700,2484,517,1397,2410
peruvian_match_interrogative-partial-wh_Cuando-leia-el-libro,119,1.208,*,1,Lime,408,4700,518,1117,2288,431,1458,2631,358,2236,2525,338,2083,2621,476,1443,2389
peruvian_match_interrogative-partial-wh_Cuando-lleva-el-abrigo,112.8,1.336,*,1,Purple,409,5000,549,1201,2370,382,1535,2621,493,1614,2409,426,1620,2471,394,1044,2530
peruvian_match_interrogative-partial-wh_Cuando-vendia-el-carro,116.8,1.288,*,1,Teal,410,5450,490,1268,2338,470,1719,2724,369,2163,2757,666,1452,2272,525,1130,2289
peruvian_match_interrogative-partial-wh_Por-que-abre-el-regalo,118.2,1.484,*,1,Navy,411,5450,556,1219,2426,445,2201,2664,497,1595,2457,495,1580,2377,463,1229,2562
peruvian_match_interrogative-partial-wh_Por-que-ama-la-navidad,115.6,1.486,*,1,Pink,412,5600,535,1340,2446,593,2092,2699,609,1450,2657,354,1679,2425,689,1522,2488
peruvian_match_interrogative-partial-wh_Por-que-hablaba-del-agua,107.2,1.448,*,1,Maroon,413,5600,608,1386,2353,520,2082,2703,575,1403,2470,514,1579,2710,612,1248,2639
peruvian_match_interrogative-partial-wh_Por-que-iba-a-Bolivia,117.2,1.236,*,1,Olive,414,5450,527,1177,2297,365,2318,2862,459,1079,2397,319,1912,2490,368,2021,2609
peruvian_match_interrogative-total-yn_Ana-lleva-el-abrigo,112,1.334,*,1,Grey,415,4850,639,1544,2403,413,1654,2425,557,1564,2395,300,1965,2421,451,1013,2534
peruvian_match_interrogative-total-yn_Daniel-iba-a-Bolivia,117,1.308,*,1,Red,416,5750,392,1812,2682,384,2115,2629,545,1232,2379,304,2120,2572,436,1747,2581
peruvian_match_interrogative-total-yn_David-leia-el-libro,113.5,1.33,*,1,Blue,417,5300,542,1488,2499,308,2219,2734,374,2347,2913,317,1961,2614,451,1160,2296
peruvian_match_interrogative-total-yn_Emilio-ama-la-marcha,112.2,1.446,*,1,Green,418,5150,389,2214,2892,348,2257,2549,616,1385,2452,614,1369,2405,590,1404,2508
peruvian_match_interrogative-total-yn_Manuela-vende-el-carro,111.3,1.514,*,1,Magenta,419,5000,498,1382,2463,536,1613,2510,442,1938,2645,598,1620,2308,554,1062,2211
peruvian_match_interrogative-total-yn_Maria-bebe-el-vino,113.8,1.31,*,1,Black,420,5150,482,1656,2451,533,1639,2418,434,1821,2444,379,2243,2635,489,1165,2528
peruvian_match_interrogative-total-yn_Mariano-habla-del-tiempo,107.8,1.618,*,1,Lime,421,5300,545,1696,2420,585,1276,2436,445,1517,2486,379,1841,2578,481,918,2571
peruvian_match_interrogative-total-yn_Marta-abre-el-regalo,112.7,1.474,*,1,Purple,422,5450,664,1405,2423,735,1391,2422,467,1562,2412,487,1615,2368,441,1283,2476
peruvian_mismatch_declarative-broad-focus_El-bebe-comia-muy-bien,99.4,1.734,*,1,Teal,423,5150,411,1714,2427,459,2045,2494,409,1701,2481,403,1961,2488,518,1876,2800
peruvian_mismatch_declarative-broad-focus_El-hombre-mira-la-luna,111.4,1.3,*,1,Navy,424,5300,508,1691,2713,384,1685,2442,428,1832,2678,388,1620,2575,485,1536,2606
peruvian_mismatch_declarative-broad-focus_El-nino-oye-el-rio,109.2,1.49,*,1,Pink,425,5450,394,2049,2883,430,1921,2535,452,1623,2642,367,1698,2586,463,1462,2520
peruvian_mismatch_declarative-broad-focus_La-maestra-vive-en-Paris,102.6,1.696,*,1,Maroon,426,4700,621,1504,2384,511,1783,2423,476,1819,2413,439,1661,2357,309,1810,2515
peruvian_mismatch_declarative-broad-focus_La-nina-lava-el-plato,103.8,1.446,*,1,Olive,427,5300,412,1715,2492,430,1746,2668,576,1448,2500,529,1559,2510,580,1407,2516
peruvian_mismatch_declarative-broad-focus_Mi-madre-come-la-fruta,111.1,1.516,*,1,Grey,428,5300,445,1412,2417,481,1637,2511,540,1444,2426,527,1440,2393,560,1440,2528
peruvian_mismatch_declarative-broad-focus_Mi-novio-viene-del-lago,104.8,1.58,*,1,Red,429,5450,397,2256,2674,441,1426,2457,371,2050,2660,423,1491,2479,566,1357,2413
peruvian_mismatch_declarative-broad-focus_Mi-tia-odia-la-lluvia,108.3,1.594,*,1,Blue,430,6200,290,2428,3129,561,1982,2939,519,1305,2722,375,1756,2637,369,1751,2595
peruvian_mismatch_declarative-narrow-focus_El-bebe-comia-muy-bien,100.1,1.62,*,1,Green,431,5300,414,1790,2508,463,1893,2373,423,1824,2630,359,2044,2558,457,1846,2796
peruvian_mismatch_declarative-narrow-focus_El-hombre-mira-la-luna,106,1.38,*,1,Magenta,432,5450,433,1651,2553,368,1755,2453,424,1730,2617,405,1522,2530,524,1582,2563
peruvian_mismatch_declarative-narrow-focus_El-nino-oye-el-rio,105,1.522,*,1,Black,433,5450,395,2080,2713,440,1782,2561,462,1760,2689,362,1624,2570,440,1415,2531
peruvian_mismatch_declarative-narrow-focus_La-maestra-vive-en-Paris,99.3,1.694,*,1,Lime,434,4700,598,1460,2285,508,1835,2361,402,1530,2369,419,1506,2351,352,1810,2698
peruvian_mismatch_declarative-narrow-focus_La-nina-lava-el-plato,103.5,1.564,*,1,Purple,435,5600,401,1764,2666,450,1917,2696,644,1463,2448,383,1711,2593,596,1417,2527
peruvian_mismatch_declarative-narrow-focus_Mi-madre-come-la-fruta,106.1,1.578,*,1,Teal,436,4700,395,1484,2431,458,1616,2392,506,1162,2381,630,1465,2372,540,1449,2515
peruvian_mismatch_declarative-narrow-focus_Mi-novio-viene-del-lago,101.4,1.444,*,1,Navy,437,5450,436,2018,2648,376,1493,2396,375,1828,2672,593,1496,2505,581,1074,2456
peruvian_mismatch_declarative-narrow-focus_Mi-tia-odia-la-lluvia,106.3,1.56,*,1,Pink,438,5450,361,2405,3029,569,1692,2728,486,1421,2705,432,1703,2610,352,1655,2603
peruvian_mismatch_interrogative-partial-wh_Cuando-comia-la-fruta,123.7,1.486,*,1,Maroon,439,5000,517,1312,2375,428,1114,2448,516,1755,2681,370,1469,2476,546,1420,2514
peruvian_mismatch_interrogative-partial-wh_Cuando-lavaba-el-plato,129,1.326,*,1,Olive,440,5000,534,1188,2384,514,1310,2479,536,1336,2448,460,1536,2457,598,1374,2485
peruvian_mismatch_interrogative-partial-wh_Cuando-miraba-la-luna,115.4,1.404,*,1,Grey,441,5450,479,1208,2457,367,1581,2525,540,1419,2444,369,1539,2480,543,1510,2573
peruvian_mismatch_interrogative-partial-wh_Por-que-desayuna-muy-bien,109.9,1.688,*,1,Red,442,4700,483,1199,2237,426,1807,2592,389,1591,2417,365,1962,2429,554,1954,2651
peruvian_mismatch_interrogative-partial-wh_Por-que-odiaba-la-lluvia,111,1.466,*,1,Blue,443,5150,526,1314,2289,451,1462,2564,566,1402,2506,351,1585,2495,402,1839,2750
peruvian_mismatch_interrogative-partial-wh_Por-que-oia-el-rio,119,1.35,*,1,Green,444,4700,460,1233,2277,463,2091,2538,364,1419,2508,383,1651,2569,422,1516,2483
peruvian_mismatch_interrogative-partial-wh_Por-que-venia-del-lago,112.6,1.374,*,1,Magenta,445,5450,523,1345,2231,458,1951,2591,434,2022,2791,474,1555,2533,590,1236,2470
peruvian_mismatch_interrogative-partial-wh_Por-que-vivia-en-Paris,111.6,1.502,*,1,Black,446,4700,525,1141,2131,346,2021,2415,331,2117,2655,478,1445,2314,311,1742,2510
peruvian_mismatch_interrogative-total-yn_El-bebe-comia-muy-bien,108.6,1.626,*,1,Lime,447,5600,385,1862,2491,442,1879,2393,446,1837,2718,342,2010,2546,412,1891,2665
peruvian_mismatch_interrogative-total-yn_El-hombre-mira-la-luna,119,1.402,*,1,Purple,448,5300,424,1721,2662,334,1678,2437,416,1737,2576,382,1592,2564,544,1576,2678
peruvian_mismatch_interrogative-total-yn_El-nino-oye-el-rio,109.5,1.398,*,1,Teal,449,5150,405,2068,2799,443,1563,2602,411,1770,2660,373,1735,2481,514,1162,2491
peruvian_mismatch_interrogative-total-yn_La-maestra-vive-en-Paris,117.6,1.676,*,1,Navy,450,4700,657,1484,2394,517,1843,2374,453,1615,2368,436,1646,2368,311,1820,2604
peruvian_mismatch_interrogative-total-yn_La-nina-lava-el-plato,110.2,1.38,*,1,Pink,451,5300,430,1779,2575,502,1729,2687,482,1600,2475,620,1507,2428,499,977,2451
peruvian_mismatch_interrogative-total-yn_Mi-madre-come-la-fruta,110.4,1.53,*,1,Maroon,452,5150,337,1578,2425,492,1600,2455,531,1518,2378,374,1491,2506,593,1466,2509
peruvian_mismatch_interrogative-total-yn_Mi-novio-viene-del-lago,109.9,1.58,*,1,Olive,453,5000,416,1728,2474,365,1430,2412,431,1879,2670,541,1458,2414,488,933,2381
peruvian_mismatch_interrogative-total-yn_Mi-tia-odia-la-lluvia,109.3,1.55,*,1,Grey,454,6200,306,2497,3091,584,1537,2679,468,1653,2747,340,1707,2556,551,1659,2663
peruvian_statement_filler_El-nino-habla-con-su-madre,109.7,1.82,*,1,Red,455,4850,399,2098,2634,509,1198,2470,572,1412,2364,375,1104,2433,537,1423,2454
puertorican_match_declarative-broad-focus_Ana-lleva-el-abrigo,171.2,1.002,*,1,Blue,456,6200,743,1505,1997,441,2147,2422,513,1576,2451,454,1593,2461,396,1160,2476
puertorican_match_declarative-broad-focus_Daniel-iba-a-Bolivia,184,1.146,*,1,Green,457,6350,588,1416,2480,531,1977,2510,475,1358,2476,427,1628,2533,413,1969,2470
puertorican_match_declarative-broad-focus_David-leia-el-libro,169.9,1.092,*,1,Magenta,458,6800,546,1870,2607,403,2040,2588,460,2164,2516,334,2199,2651,426,1408,2190
puertorican_match_declarative-broad-focus_Emilio-ama-la-marcha,168.9,1.192,*,1,Black,459,4700,497,1817,2062,566,1635,2070,615,1496,1991,416,1526,1918,547,1607,2017
puertorican_match_declarative-broad-focus_Manuela-vende-el-carro,175.3,1.192,*,1,Lime,460,5000,528,1330,2014,600,1508,1948,517,1824,2274,571,1817,2243,552,1446,2119
puertorican_match_declarative-broad-focus_Maria-bebe-el-vino,179.5,1.078,*,1,Purple,461,5150,423,1828,2071,529,1876,2298,471,1873,2137,330,2026,2533,427,1117,2092
puertorican_match_declarative-broad-focus_Mariano-habla-del-tiempo,166.9,1.236,*,1,Teal,462,4700,580,1645,2034,785,1548,1990,511,1565,1927,361,1858,2229,345,984,2340
puertorican_match_declarative-broad-focus_Marta-abre-el-regalo,160.6,1.126,*,1,Navy,463,6950,484,1934,2521,800,1628,2659,469,1719,2507,458,2007,2525,547,1282,2640
puertorican_match_declarative-narrow-focus_Ana-lleva-el-abrigo,159.4,0.946,*,1,Pink,464,5150,590,1314,1877,446,1969,2254,577,1317,1892,442,1762,2267,403,1020,2421
puertorican_match_declarative-narrow-focus_Daniel-iba-a-Bolivia,176.7,0.944,*,1,Maroon,465,6950,448,1955,2759,436,2118,2646,535,1411,2509,359,2007,2540,401,2028,2502
puertorican_match_declarative-narrow-focus_David-leia-el-libro,166.6,1.002,*,1,Olive,466,7100,538,1970,2902,416,2014,2539,512,2154,2612,355,2108,2601,435,1506,2293
puertorican_match_declarative-narrow-focus_Emilio-ama-la-marcha,151.5,1.162,*,1,Grey,467,4700,436,1628,2276,502,1885,2130,615,1383,1945,529,1377,1929,591,1426,2004
puertorican_match_declarative-narrow-focus_Manuela-vende-el-carro,162.4,1.172,*,1,Red,468,4700,362,1313,1878,560,1568,1892,373,1789,2086,559,1616,1963,493,1154,1942
puertorican_match_declarative-narrow-focus_Maria-bebe-el-vino,167.4,1.15,*,1,Blue,469,7250,454,1890,2686,417,2197,2628,495,1787,2431,341,1985,2488,402,1902,2756
puertorican_match_declarative-narrow-focus_Mariano-habla-del-tiempo,164.8,1.254,*,1,Green,470,4700,480,1460,1950,600,1374,1948,614,1446,1957,431,1791,2133,329,1082,2384
puertorican_match_declarative-narrow-focus_Marta-abre-el-regalo,166.3,1.112,*,1,Magenta,471,6800,670,1827,2778,736,1738,2622,512,1526,2424,472,1948,2488,561,1395,2510
puertorican_match_interrogative-partial-wh_Cuando-bebia-el-vino,249,1.018,*,1,Black,472,6800,703,1389,2617,706,1506,2533,633,2013,2594,534,1926,2640,573,1522,2683
puertorican_match_interrogative-partial-wh_Cuando-leia-el-libro,275.5,0.958,*,1,Lime,473,6650,679,1486,2667,698,1439,2725,575,1723,2855,519,1728,2830,610,1562,2412
puertorican_match_interrogative-partial-wh_Cuando-lleva-el-abrigo,258.9,1.064,*,1,Purple,474,6950,674,1385,2630,633,1771,2821,758,1559,2586,586,1832,2496,555,1135,2382
puertorican_match_interrogative-partial-wh_Cuando-vendia-el-carro,249.7,1.1,*,1,Teal,475,6050,616,1342,2339,716,1509,2504,513,1873,2460,748,1631,2398,557,1420,2478
puertorican_match_interrogative-partial-wh_Por-que-abre-el-regalo,222.8,1.102,*,1,Navy,476,7100,470,1556,2563,715,1908,2590,710,1685,2492,706,1745,2428,597,1429,2540
puertorican_match_interrogative-partial-wh_Por-que-ama-la-navidad,218.8,1.114,*,1,Pink,477,4700,531,1471,2296,807,1461,2200,760,1463,1921,565,1536,2151,688,1546,1769
puertorican_match_interrogative-partial-wh_Por-que-hablaba-del-agua,203.3,1.028,*,1,Maroon,478,6650,479,1453,2575,706,1480,2543,766,1387,2656,669,1599,2576,578,1098,2557
puertorican_match_interrogative-partial-wh_Por-que-iba-a-Bolivia,224.9,0.97,*,1,Olive,479,6350,536,1536,2427,570,1783,2447,718,1288,2620,388,1944,2516,553,1760,2399
puertorican_match_interrogative-total-yn_Ana-lleva-el-abrigo,244.1,0.986,*,1,Grey,480,4700,793,1464,1991,554,1788,2134,624,1227,1775,611,1834,2247,422,1089,2205
puertorican_match_interrogative-total-yn_Daniel-iba-a-Bolivia,206.5,1.084,*,1,Red,481,7250,628,1938,2764,430,2087,2655,515,2041,2616,470,1654,2548,528,1775,2446
puertorican_match_interrogative-total-yn_David-leia-el-libro,220.7,0.936,*,1,Blue,482,6950,613,1719,2539,401,2031,2507,525,2073,2632,363,1875,2614,409,1454,2294
puertorican_match_interrogative-total-yn_Emilio-ama-la-marcha,225.8,1.148,*,1,Green,483,4700,447,1888,2058,497,1866,2152,774,1276,1934,666,1565,1950,585,1624,2113
puertorican_match_interrogative-total-yn_Manuela-vende-el-carro,226.2,1.11,*,1,Magenta,484,6500,671,1452,2488,734,1596,2493,504,1732,2595,700,1699,2546,619,1493,2472
puertorican_match_interrogative-total-yn_Maria-bebe-el-vino,217.4,0.946,*,1,Black,485,7550,605,1662,2726,592,2062,2696,639,1583,2440,417,1883,2729,645,1589,2644
puertorican_match_interrogative-total-yn_Mariano-habla-del-tiempo,235.8,1.224,*,1,Lime,486,4700,591,1606,2094,790,1315,1931,654,1428,1997,370,1708,2166,371,1231,2091
puertorican_match_interrogative-total-yn_Marta-abre-el-regalo,234.7,1.096,*,1,Purple,487,6500,718,1496,2541,665,1634,2566,744,1487,2535,625,1773,2509,580,1388,2534
puertorican_mismatch_declarative-broad-focus_El-bebe-comia-muy-bien,178.3,1.138,*,1,Teal,488,6950,435,1776,2492,516,1770,2539,529,1997,2572,363,2140,2656,366,2136,2726
puertorican_mismatch_declarative-broad-focus_El-hombre-mira-la-luna,204.2,1.142,*,1,Navy,489,6650,607,1552,2665,498,1579,2560,593,1755,2536,562,1557,2700,417,1507,2607
puertorican_mismatch_declarative-broad-focus_El-nino-oye-el-rio,196.1,1.09,*,1,Pink,490,7400,500,2143,2693,446,1952,2730,613,1678,2708,457,2052,2592,415,1789,2522
puertorican_mismatch_declarative-broad-focus_La-maestra-vive-en-Paris,179.6,1.162,*,1,Maroon,491,6050,637,1475,2035,524,2178,2558,495,1657,2342,387,1886,2546,408,2102,2554
puertorican_mismatch_declarative-broad-focus_La-nina-lava-el-plato,194.6,1.09,*,1,Olive,492,5000,580,1716,2347,565,1930,2340,644,1489,1927,553,1562,2336,549,1487,2470
puertorican_mismatch_declarative-broad-focus_Mi-madre-come-la-fruta,187.6,1.292,*,1,Grey,493,4700,533,1531,2135,604,1677,2155,594,1523,2077,507,1258,2249,406,1508,2182
puertorican_mismatch_declarative-broad-focus_Mi-novio-viene-del-lago,167.4,1.166,*,1,Red,494,7550,467,2095,2554,491,1547,2495,489,2079,2555,411,1670,2556,536,1337,2571
puertorican_mismatch_declarative-broad-focus_Mi-tia-odia-la-lluvia,181.6,1.174,*,1,Blue,495,6650,393,2124,2669,605,1569,2686,488,1621,2573,350,1894,2620,367,1745,2662
puertorican_mismatch_declarative-narrow-focus_El-bebe-comia-muy-bien,174.1,1.138,*,1,Green,496,6950,461,1865,2519,530,1650,2482,526,1819,2541,354,2133,2541,368,2397,2814
puertorican_mismatch_declarative-narrow-focus_El-hombre-mira-la-luna,181,1.076,*,1,Magenta,497,6350,550,1582,2520,475,1594,2359,577,1784,2475,503,1339,2582,362,1316,2428
puertorican_mismatch_declarative-narrow-focus_El-nino-oye-el-rio,171.5,1.054,*,1,Black,498,6650,386,1894,2703,438,1829,2626,476,1877,2574,429,1900,2610,368,1491,2669
puertorican_mismatch_declarative-narrow-focus_La-maestra-vive-en-Paris,175.4,1.138,*,1,Lime,499,4700,607,1479,2134,566,1530,2218,527,1531,2108,499,1489,2022,365,2118,2429
puertorican_mismatch_declarative-narrow-focus_La-nina-lava-el-plato,184.6,1.088,*,1,Purple,500,6200,475,1893,2579,554,2013,2592,620,1451,2439,449,1873,2585,586,1936,2595
puertorican_mismatch_declarative-narrow-focus_Mi-madre-come-la-fruta,180.1,1.24,*,1,Teal,501,4700,453,1424,1998,567,1613,1883,525,1162,1910,564,1452,1840,414,1332,2028
puertorican_mismatch_declarative-narrow-focus_Mi-novio-viene-del-lago,175.9,1.182,*,1,Navy,502,6950,461,1955,2716,528,1483,2431,600,1939,2634,575,1754,2503,574,1420,2413
puertorican_mismatch_declarative-narrow-focus_Mi-tia-odia-la-lluvia,182.4,1.22,*,1,Pink,503,7250,362,1960,2849,563,2049,2654,550,1562,2558,364,1808,2576,446,1829,2647
puertorican_mismatch_interrogative-partial-wh_Cuando-comia-la-fruta,220.1,1.176,*,1,Maroon,504,4700,564,1252,2004,543,1034,2069,646,1441,2084,417,1183,2325,392,1475,2064
puertorican_mismatch_interrogative-partial-wh_Cuando-lavaba-el-plato,206.4,1.172,*,1,Olive,505,6500,627,1387,2775,611,1358,2663,583,1311,2559,534,1528,2653,533,1114,2734
puertorican_mismatch_interrogative-partial-wh_Cuando-miraba-la-luna,192.9,1.046,*,1,Grey,506,6950,698,1435,2614,554,1775,2631,706,1428,2515,621,1568,2643,428,1441,2553
puertorican_mismatch_interrogative-partial-wh_Por-que-desayuna-muy-bien,208.7,1.21,*,1,Red,507,6800,523,1851,2367,612,1896,2538,532,1937,2530,398,1855,2421,371,2162,2617
puertorican_mismatch_interrogative-partial-wh_Por-que-odiaba-la-lluvia,178.7,1.134,*,1,Blue,508,6500,407,1535,2439,539,1485,2403,627,1467,2410,377,1830,2639,377,1663,2507
puertorican_mismatch_interrogative-partial-wh_Por-que-oia-el-rio,189.8,0.94,*,1,Green,509,5900,478,1467,2339,668,1773,2349,556,1890,2338,419,1863,2329,528,1341,2331
puertorican_mismatch_interrogative-partial-wh_Por-que-venia-del-lago,205.8,1.074,*,1,Magenta,510,6650,503,1294,2414,583,1956,2416,627,1969,2631,569,1632,2607,548,1063,2393
puertorican_mismatch_interrogative-partial-wh_Por-que-vivia-en-Paris,213.1,0.986,*,1,Black,511,6050,427,1408,2308,530,2041,2274,486,1916,2340,431,1701,2496,456,1983,2423
puertorican_mismatch_interrogative-total-yn_El-bebe-comia-muy-bien,234.4,1.166,*,1,Lime,512,6800,528,1776,2504,571,1931,2397,551,1754,2593,522,1915,2514,579,2116,2674
puertorican_mismatch_interrogative-total-yn_El-hombre-mira-la-luna,207.7,1.17,*,1,Purple,513,4700,614,1501,2096,528,1226,2071,647,1491,1892,619,1440,1913,479,1438,2037
puertorican_mismatch_interrogative-total-yn_El-nino-oye-el-rio,221.7,1.074,*,1,Teal,514,6950,555,2139,2865,584,2246,2586,725,1329,2553,509,1875,2694,471,1907,2545
puertorican_mismatch_interrogative-total-yn_La-maestra-vive-en-Paris,215,1.262,*,1,Navy,515,4850,664,1490,2030,621,1560,2438,623,1557,2094,575,1501,2091,480,1941,2494
puertorican_mismatch_interrogative-total-yn_La-nina-lava-el-plato,231.2,1.106,*,1,Pink,516,5150,602,1658,2413,624,1888,2470,757,1569,2378,563,1504,2417,597,1121,2101
puertorican_mismatch_interrogative-total-yn_Mi-madre-come-la-fruta,206.9,1.196,*,1,Maroon,517,5150,503,1407,2186,632,1690,2054,589,1210,2088,592,1360,2417,515,1462,1955
puertorican_mismatch_interrogative-total-yn_Mi-novio-viene-del-lago,232.2,1.212,*,1,Olive,518,6650,572,1730,2519,651,1511,2437,551,1845,2575,596,1758,2622,564,1474,2560
puertorican_mismatch_interrogative-total-yn_Mi-tia-odia-la-lluvia,230.2,1.296,*,1,Grey,519,6650,435,2115,2726,747,1715,2818,720,1558,2776,449,1645,2566,405,1704,2470
puertorican_statement_filler_La-nina-pinta-con-su-amiga,193.6,1.37,*,1,Red,520,4700,569,1824,2322,598,1682,2420,560,1138,2025,458,1050,1991,422,1121,2148
